Idx,Electrophile,azo_rxn,nitro_rxn,mal_rxn,R1,R2,R3,R4,low_barrier,barrier
0,O=C(C(Cl)=C(Cl)Cl)c1ccccc1,1000,256,256,Cl,Cl,Cl,Ph,3.902441157,26.52455181
1,COC(=O)/C(C)=C(\C)c1ccccc1,100,607,607,Ph,Me,Me,OMe,15.713302622999995,33.789781544
2,CNC(=O)/C(C)=C(\C)c1ccccc1,101,604,604,Ph,Me,Me,NHMe,18.700844406,37.891141152
3,CC(=O)C=C(c1ccccc1)c1ccccc1,10,753,753,Ph,Ph,H,Me,22.678585923,32.345897141
4,C/C(C(=O)N(C)C)=C(/C)c1ccccc1,102,606,606,Ph,Me,Me,NMe2,20.006678149000003,49.757850385000005
5,C/C(C(=O)Nc1ccccc1)=C(/C)c1ccccc1,103,605,605,Ph,Me,Me,NHPh,28.173002191,40.264357498
6,C/C(C(=O)c1ccccc1)=C(/C)c1ccccc1,104,608,608,Ph,Me,Me,Ph,18.91921545,34.646323139
7,C/C(=C(/Br)C=O)c1ccccc1,105,618,618,Ph,Me,Br,H,10.530755346,19.727439314
8,CC(=O)/C(Br)=C(\C)c1ccccc1,106,617,617,Ph,Me,Br,Me,8.948192779999998,29.002561157
9,C/C(=C(/Br)C(N)=O)c1ccccc1,107,619,619,Ph,Me,Br,NH2,7.789194739000001,29.352080328
10,COC(=O)/C(Br)=C(\C)c1ccccc1,108,623,623,Ph,Me,Br,OMe,12.489819712000005,26.942468808000005
11,CNC(=O)/C(Br)=C(\C)c1ccccc1,109,620,620,Ph,Me,Br,NHMe,8.089141172999998,31.190036615
12,C/C(=C(/Br)C(=O)N(C)C)c1ccccc1,110,622,622,Ph,Me,Br,NMe2,9.674841254,35.395561721
13,C/C(=C(/Br)C(=O)Nc1ccccc1)c1ccccc1,111,621,621,Ph,Me,Br,NHPh,7.004188486,29.220932201
14,NC(=O)C=C(c1ccccc1)c1ccccc1,11,755,755,Ph,Ph,H,NH2,23.348759127,36.262143364
15,C/C(=C(/Br)C(=O)c1ccccc1)c1ccccc1,112,624,624,Ph,Me,Br,Ph,10.284146667000002,29.156299392
16,C/C(=C(/Cl)C=O)c1ccccc1,113,610,610,Ph,Me,Cl,H,11.281876437,21.648853500000005
17,CC(=O)/C(Cl)=C(\C)c1ccccc1,114,609,609,Ph,Me,Cl,Me,16.898028287000002,27.255592805000003
18,C/C(=C(/Cl)C(N)=O)c1ccccc1,115,611,611,Ph,Me,Cl,NH2,8.101691233,29.620651612000003
19,COC(=O)/C(Cl)=C(\C)c1ccccc1,116,615,615,Ph,Me,Cl,OMe,13.49696202700001,27.430666142000003
20,CNC(=O)/C(Cl)=C(\C)c1ccccc1,117,612,612,Ph,Me,Cl,NHMe,8.243506911000003,30.925857852000004
21,C/C(=C(/Cl)C(=O)N(C)C)c1ccccc1,118,614,614,Ph,Me,Cl,NMe2,12.609672785000004,35.374226619000005
22,C/C(=C(/Cl)C(=O)Nc1ccccc1)c1ccccc1,119,613,613,Ph,Me,Cl,NHPh,6.791464969,29.002561157
23,O=CC(=C(c1ccccc1)c1ccccc1)c1ccccc1,1,746,746,Ph,Ph,Ph,H,20.130923743000007,30.725684395
24,C/C(=C(/Cl)C(=O)c1ccccc1)c1ccccc1,120,616,616,Ph,Me,Cl,Ph,11.249873784,28.484871182
25,COC(=O)C=C(c1ccccc1)c1ccccc1,12,759,759,Ph,Ph,H,OMe,21.072805746,30.361732655
26,O=C/C(=C(\Br)c1ccccc1)c1ccccc1,121,706,706,Ph,Br,Ph,H,5.901665714999998,27.601974461
27,CC(=O)/C(=C(\Br)c1ccccc1)c1ccccc1,122,705,705,Ph,Br,Ph,Me,10.616095754,27.292615482
28,NC(=O)/C(=C(\Br)c1ccccc1)c1ccccc1,123,707,707,Ph,Br,Ph,NH2,9.696803859,29.532801192000004
29,COC(=O)/C(=C(\Br)c1ccccc1)c1ccccc1,124,711,711,Ph,Br,Ph,OMe,9.135188674000002,28.113389406000003
30,CNC(=O)/C(=C(\Br)c1ccccc1)c1ccccc1,125,708,708,Ph,Br,Ph,NHMe,9.873132202,30.783414671000003
31,CN(C)C(=O)/C(=C(\Br)c1ccccc1)c1ccccc1,126,710,710,Ph,Br,Ph,NMe2,12.498604753999995,34.934347016000004
32,O=C(Nc1ccccc1)/C(=C(\Br)c1ccccc1)c1ccccc1,127,709,709,Ph,Br,Ph,NHPh,9.162171302999996,29.112374182
33,O=C(/C(=C(\Br)c1ccccc1)c1ccccc1)c1ccccc1,128,712,712,Ph,Br,Ph,Ph,11.444399713999994,28.215672395
34,O=C/C=C(\Br)c1ccccc1,129,714,714,Ph,Br,H,H,4.479743917,25.484779339000003
35,CC(=O)/C=C(\Br)c1ccccc1,130,713,713,Ph,Br,H,Me,7.585883767,27.892508350000004
36,NC(=O)/C=C(\Br)c1ccccc1,131,715,715,Ph,Br,H,NH2,5.872800576999999,30.512333375000004
37,CNC(=O)C=C(c1ccccc1)c1ccccc1,13,756,756,Ph,Ph,H,NHMe,24.386649089,39.001193959000005
38,COC(=O)/C=C(\Br)c1ccccc1,132,719,719,Ph,Br,H,OMe,5.750437491999995,25.464699243
39,CNC(=O)/C=C(\Br)c1ccccc1,133,716,716,Ph,Br,H,NHMe,7.044348678,31.946805233
40,CN(C)C(=O)/C=C(\Br)c1ccccc1,134,718,718,Ph,Br,H,NMe2,10.590368131,29.076606511000005
41,O=C(/C=C(\Br)c1ccccc1)Nc1ccccc1,135,717,717,Ph,Br,H,NHPh,6.302640131999999,30.268234708
42,O=C(/C=C(\Br)c1ccccc1)c1ccccc1,136,720,720,Ph,Br,H,Ph,7.674361690000003,22.911389536000005
43,C/C(C=O)=C(/Br)c1ccccc1,137,682,682,Ph,Br,Me,H,9.466510258,29.196459584000003
44,CC(=O)/C(C)=C(\Br)c1ccccc1,138,681,681,Ph,Br,Me,Me,14.052929685,34.911756908
45,C/C(C(N)=O)=C(/Br)c1ccccc1,139,683,683,Ph,Br,Me,NH2,14.453276599,37.485774214
46,COC(=O)/C(C)=C(\Br)c1ccccc1,140,687,687,Ph,Br,Me,OMe,12.365574118,31.068301033
47,CNC(=O)/C(C)=C(\Br)c1ccccc1,141,684,684,Ph,Br,Me,NHMe,16.648282093000002,38.827375628000006
48,CN(C)C(=O)C=C(c1ccccc1)c1ccccc1,14,758,758,Ph,Ph,H,NMe2,22.051082923000006,34.573532791000005
49,C/C(C(=O)N(C)C)=C(/Br)c1ccccc1,142,686,686,Ph,Br,Me,NMe2,14.622702408999997,38.762115316000006
50,C/C(C(=O)Nc1ccccc1)=C(/Br)c1ccccc1,143,685,685,Ph,Br,Me,NHPh,17.036078947,37.086054803
51,C/C(C(=O)c1ccccc1)=C(/Br)c1ccccc1,144,688,688,Ph,Br,Me,Ph,14.698002769,31.843894741000003
52,O=C/C(Br)=C(\Br)c1ccccc1,145,698,698,Ph,Br,Br,H,0.93497947,22.11948075
53,CC(=O)/C(Br)=C(\Br)c1ccccc1,146,697,697,Ph,Br,Br,Me,6.061051477,29.948835681
54,NC(=O)/C(Br)=C(\Br)c1ccccc1,147,699,699,Ph,Br,Br,NH2,4.330398203000001,28.924123282000004
55,COC(=O)/C(Br)=C(\Br)c1ccccc1,148,703,703,Ph,Br,Br,OMe,3.362161074000001,27.555539239
56,CNC(=O)/C(Br)=C(\Br)c1ccccc1,149,700,700,Ph,Br,Br,NHMe,5.165604696,30.259449666
57,CN(C)C(=O)/C(Br)=C(\Br)c1ccccc1,150,702,702,Ph,Br,Br,NMe2,7.529408497000001,33.940382264
58,O=C(Nc1ccccc1)/C(Br)=C(\Br)c1ccccc1,151,701,701,Ph,Br,Br,NHPh,3.9695839779999993,28.512481314
59,O=C(/C(Br)=C(\Br)c1ccccc1)c1ccccc1,152,704,704,Ph,Br,Br,Ph,6.144509376000002,28.211279874
60,O=C/C(Cl)=C(\Br)c1ccccc1,153,690,690,Ph,Br,Cl,H,2.892161327,24.458184431
61,CC(=O)/C(Cl)=C(\Br)c1ccccc1,154,689,689,Ph,Br,Cl,Me,7.479208257,25.682442784000003
62,O=C(C=C(c1ccccc1)c1ccccc1)Nc1ccccc1,15,757,757,Ph,Ph,H,NHPh,23.923551875,35.160248096000004
63,NC(=O)/C(Cl)=C(\Br)c1ccccc1,155,691,691,Ph,Br,Cl,NH2,5.647526999999999,28.577114123
64,COC(=O)/C(Cl)=C(\Br)c1ccccc1,156,695,695,Ph,Br,Cl,OMe,4.486646450000003,27.361640812
65,CNC(=O)/C(Cl)=C(\Br)c1ccccc1,157,692,692,Ph,Br,Cl,NHMe,6.890610443000001,29.840277662
66,CN(C)C(=O)/C(Cl)=C(\Br)c1ccccc1,158,694,694,Ph,Br,Cl,NMe2,9.162798806,34.10478805
67,O=C(Nc1ccccc1)/C(Cl)=C(\Br)c1ccccc1,159,693,693,Ph,Br,Cl,NHPh,6.197847130999999,28.316072875
68,O=C(/C(Cl)=C(\Br)c1ccccc1)c1ccccc1,160,696,696,Ph,Br,Cl,Ph,8.543453344999998,31.191919124
69,O=C/C(=C(\Cl)c1ccccc1)c1ccccc1,161,666,666,Ph,Cl,Ph,H,11.435614672,27.206647571
70,O=C(C=C(c1ccccc1)c1ccccc1)c1ccccc1,16,760,760,Ph,Ph,H,Ph,21.584848193999992,27.20225505
71,CC(=O)/C(=C(\Cl)c1ccccc1)c1ccccc1,162,665,665,Ph,Cl,Ph,Me,15.059444497,26.391521174
72,NC(=O)/C(=C(\Cl)c1ccccc1)c1ccccc1,163,667,667,Ph,Cl,Ph,NH2,14.767028099,29.332627735000003
73,COC(=O)/C(=C(\Cl)c1ccccc1)c1ccccc1,164,671,671,Ph,Cl,Ph,OMe,13.338831271000004,28.988756091000003
74,CNC(=O)/C(=C(\Cl)c1ccccc1)c1ccccc1,165,668,668,Ph,Cl,Ph,NHMe,14.931433885,30.803494767000004
75,CN(C)C(=O)/C(=C(\Cl)c1ccccc1)c1ccccc1,166,670,670,Ph,Cl,Ph,NMe2,17.147146978000002,34.966349669
76,O=C(Nc1ccccc1)/C(=C(\Cl)c1ccccc1)c1ccccc1,167,669,669,Ph,Cl,Ph,NHPh,13.817616059999995,28.572094099
77,O=C(/C(=C(\Cl)c1ccccc1)c1ccccc1)c1ccccc1,168,672,672,Ph,Cl,Ph,Ph,15.801780546000003,33.683733537
78,O=C/C=C(\Cl)c1ccccc1,169,674,674,Ph,Cl,H,H,9.671703739,25.078157395
79,CC(=O)/C=C(\Cl)c1ccccc1,170,673,673,Ph,Cl,H,Me,11.264306353,27.445098711
80,NC(=O)/C=C(\Cl)c1ccccc1,171,675,675,Ph,Cl,H,NH2,9.668566224,32.293814392
81,CC(C=O)=C(c1ccccc1)c1ccccc1,17,722,722,Ph,Ph,Me,H,25.369318787,34.183225925
82,COC(=O)/C=C(\Cl)c1ccccc1,172,679,679,Ph,Cl,H,OMe,11.131275716999996,28.528168889000003
83,CNC(=O)/C=C(\Cl)c1ccccc1,173,676,676,Ph,Cl,H,NHMe,10.440394914000002,31.542693301
84,CN(C)C(=O)/C=C(\Cl)c1ccccc1,174,678,678,Ph,Cl,H,NMe2,15.322368254000002,40.608856645
85,O=C(/C=C(\Cl)c1ccccc1)Nc1ccccc1,175,677,677,Ph,Cl,H,NHPh,9.809126896,29.819570063000004
86,O=C(/C=C(\Cl)c1ccccc1)c1ccccc1,176,680,680,Ph,Cl,H,Ph,12.388791729,22.708706067
87,C/C(C=O)=C(/Cl)c1ccccc1,177,642,642,Ph,Cl,Me,H,14.716827859000002,29.002561157
88,CC(=O)/C(C)=C(\Cl)c1ccccc1,178,641,641,Ph,Cl,Me,Me,21.042058099,34.837084051
89,C/C(C(N)=O)=C(/Cl)c1ccccc1,179,643,643,Ph,Cl,Me,NH2,19.279402172,37.285600757000005
90,COC(=O)/C(C)=C(\Cl)c1ccccc1,180,647,647,Ph,Cl,Me,OMe,17.808535140000004,31.850169771
91,CC(=O)C(C)=C(c1ccccc1)c1ccccc1,18,721,721,Ph,Ph,Me,Me,28.560799045000003,33.465989996
92,CNC(=O)/C(C)=C(\Cl)c1ccccc1,181,644,644,Ph,Cl,Me,NHMe,20.488600453,35.529847363
93,C/C(C(=O)N(C)C)=C(/Cl)c1ccccc1,182,646,646,Ph,Cl,Me,NMe2,22.879386883,38.927148605
94,C/C(C(=O)Nc1ccccc1)=C(/Cl)c1ccccc1,183,645,645,Ph,Cl,Me,NHPh,21.360829623000004,33.736443789
95,C/C(C(=O)c1ccccc1)=C(/Cl)c1ccccc1,184,648,648,Ph,Cl,Me,Ph,21.464995121,31.417820204
96,O=C/C(Br)=C(\Cl)c1ccccc1,185,658,658,Ph,Cl,Br,H,7.260209710000001,23.087717879
97,CC(=O)/C(Br)=C(\Cl)c1ccccc1,186,657,657,Ph,Cl,Br,Me,11.6715558,28.365645612
98,NC(=O)/C(Br)=C(\Cl)c1ccccc1,187,659,659,Ph,Cl,Br,NH2,10.543932909,27.940198578000004
99,COC(=O)/C(Br)=C(\Cl)c1ccccc1,188,663,663,Ph,Cl,Br,OMe,8.884187474000003,26.434191378
100,CNC(=O)/C(Br)=C(\Cl)c1ccccc1,189,660,660,Ph,Cl,Br,NHMe,11.087350506999998,29.241012297000005
101,CN(C)C(=O)/C(Br)=C(\Cl)c1ccccc1,190,662,662,Ph,Cl,Br,NMe2,13.245960827000005,33.432732337000004
102,CC(C(N)=O)=C(c1ccccc1)c1ccccc1,19,723,723,Ph,Ph,Me,NH2,27.602601964,38.748937753
103,O=C(Nc1ccccc1)/C(Br)=C(\Cl)c1ccccc1,191,661,661,Ph,Cl,Br,NHPh,9.183506405,27.750065169000003
104,O=C(/C(Br)=C(\Cl)c1ccccc1)c1ccccc1,192,664,664,Ph,Cl,Br,Ph,13.284238510000002,29.912440507000003
105,O=C/C(Cl)=C(\Cl)c1ccccc1,193,650,650,Ph,Cl,Cl,H,8.405402685,23.803071299000003
106,CC(=O)/C(Cl)=C(\Cl)c1ccccc1,194,649,649,Ph,Cl,Cl,Me,12.396321765,28.012988926
107,NC(=O)/C(Cl)=C(\Cl)c1ccccc1,195,651,651,Ph,Cl,Cl,NH2,11.586842895000002,28.105859370000005
108,COC(=O)/C(Cl)=C(\Cl)c1ccccc1,196,655,655,Ph,Cl,Cl,OMe,9.45584270700001,26.040119494
109,CNC(=O)/C(Cl)=C(\Cl)c1ccccc1,197,652,652,Ph,Cl,Cl,NHMe,12.353651561,29.566686354
110,CN(C)C(=O)/C(Cl)=C(\Cl)c1ccccc1,198,654,654,Ph,Cl,Cl,NMe2,14.812208315000005,33.864454401
111,O=C(Nc1ccccc1)/C(Cl)=C(\Cl)c1ccccc1,199,653,653,Ph,Cl,Cl,NHPh,11.437497181,27.884978314
112,O=C(/C(Cl)=C(\Cl)c1ccccc1)c1ccccc1,200,656,656,Ph,Cl,Cl,Ph,13.587949961999998,27.218570128
113,O=C/C(=C\c1ccccc1)c1ccccc1,201,946,946,H,Ph,Ph,H,6.949595725000002,22.137678337
114,COC(=O)C(C)=C(c1ccccc1)c1ccccc1,20,727,727,Ph,Ph,Me,OMe,25.770293204000005,35.681075586000006
115,CC(=O)/C(=C\c1ccccc1)c1ccccc1,202,945,945,H,Ph,Ph,Me,13.660112807000004,25.020427119
116,NC(=O)/C(=C\c1ccccc1)c1ccccc1,203,947,947,H,Ph,Ph,NH2,12.365574118,32.539795568
117,COC(=O)/C(=C\c1ccccc1)c1ccccc1,204,951,951,H,Ph,Ph,OMe,10.864586942,26.8571284
118,CNC(=O)/C(=C\c1ccccc1)c1ccccc1,205,948,948,H,Ph,Ph,NHMe,12.749605953999998,28.796740173000003
119,CN(C)C(=O)/C(=C\c1ccccc1)c1ccccc1,206,950,950,H,Ph,Ph,NMe2,13.967589277000002,30.379302739
120,O=C(Nc1ccccc1)/C(=C\c1ccccc1)c1ccccc1,207,949,949,H,Ph,Ph,NHPh,11.490834935999994,32.029635629
121,O=C(/C(=C\c1ccccc1)c1ccccc1)c1ccccc1,208,952,952,H,Ph,Ph,Ph,13.59171498,24.702910601000003
122,O=C/C=C\c1ccccc1,209,954,954,H,Ph,H,H,9.446430162,22.016570258
123,CC(=O)C(=C(c1ccccc1)c1ccccc1)c1ccccc1,2,745,745,Ph,Ph,Ph,Me,21.989587629,36.570247337
124,CC(=O)/C=C\c1ccccc1,210,953,953,H,Ph,H,Me,14.560579612,22.156503427
125,NC(=O)/C=C\c1ccccc1,211,955,955,H,Ph,H,NH2,13.335066253,27.354110776
126,CNC(=O)C(C)=C(c1ccccc1)c1ccccc1,21,724,724,Ph,Ph,Me,NHMe,27.804030427000004,45.864194270000006
127,COC(=O)/C=C\c1ccccc1,212,959,959,H,Ph,H,OMe,11.133785728999998,24.876728932
128,CNC(=O)/C=C\c1ccccc1,213,956,956,H,Ph,H,NHMe,14.036614607,32.914414859000004
129,CN(C)C(=O)/C=C\c1ccccc1,214,958,958,H,Ph,H,NMe2,16.249817688,29.246032321000005
130,O=C(/C=C\c1ccccc1)Nc1ccccc1,215,957,957,H,Ph,H,NHPh,12.223130937,29.765604805
131,O=C(/C=C\c1ccccc1)c1ccccc1,216,960,960,H,Ph,H,Ph,15.127214821,22.610188096
132,C/C(C=O)=C/c1ccccc1,217,922,922,H,Ph,Me,H,13.842716179999998,25.64604761
133,CC(=O)/C(C)=C\c1ccccc1,218,921,921,H,Ph,Me,Me,19.052873589,29.150024362000003
134,C/C(=C/c1ccccc1)C(N)=O,219,923,923,H,Ph,Me,NH2,17.822340206000003,32.881784703
135,COC(=O)/C(C)=C\c1ccccc1,220,927,927,H,Ph,Me,OMe,16.399163402000003,30.457113111
136,CC(C(=O)N(C)C)=C(c1ccccc1)c1ccccc1,22,726,726,Ph,Ph,Me,NMe2,28.856352958,42.835237289000005
137,CNC(=O)/C(C)=C\c1ccccc1,221,924,924,H,Ph,Me,NHMe,18.314302558,34.501997449
138,C/C(=C/c1ccccc1)C(=O)N(C)C,222,926,926,H,Ph,Me,NMe2,19.893727609000003,36.851368681
139,C/C(=C/c1ccccc1)C(=O)Nc1ccccc1,223,925,925,H,Ph,Me,NHPh,16.678402237,33.311624258
140,C/C(=C/c1ccccc1)C(=O)c1ccccc1,224,928,928,H,Ph,Me,Ph,19.240496986,29.064683954
141,O=C/C(Br)=C\c1ccccc1,225,938,938,H,Ph,Br,H,3.679050089,17.616519222
142,CC(=O)/C(Br)=C\c1ccccc1,226,937,937,H,Ph,Br,Me,9.48784536,22.806596535000004
143,NC(=O)/C(Br)=C\c1ccccc1,227,939,939,H,Ph,Br,NH2,7.951090513,25.365553769
144,COC(=O)/C(Br)=C\c1ccccc1,228,943,943,H,Ph,Br,OMe,6.366645438000002,23.525714973
145,CNC(=O)/C(Br)=C\c1ccccc1,229,940,940,H,Ph,Br,NHMe,8.302492193,27.190332493000003
146,CN(C)C(=O)/C(Br)=C\c1ccccc1,230,942,942,H,Ph,Br,NMe2,9.460235228000002,30.147754132000003
147,O=C(Nc1ccccc1)/C(Br)=C\c1ccccc1,231,941,941,H,Ph,Br,NHPh,7.354962663000002,26.293630706
148,O=C(/C(Br)=C\c1ccccc1)c1ccccc1,232,944,944,H,Ph,Br,Ph,8.796337053999999,24.868571393
149,O=C/C(Cl)=C\c1ccccc1,233,930,930,H,Ph,Cl,H,5.742907456000001,18.327480121
150,CC(C(=O)Nc1ccccc1)=C(c1ccccc1)c1ccccc1,23,725,725,Ph,Ph,Me,NHPh,26.398423707,37.887376134
151,CC(=O)/C(Cl)=C\c1ccccc1,234,929,929,H,Ph,Cl,Me,11.664653267,22.907624518
152,NC(=O)/C(Cl)=C\c1ccccc1,235,931,931,H,Ph,Cl,NH2,10.403372237000005,25.769665701
153,COC(=O)/C(Cl)=C\c1ccccc1,236,935,935,H,Ph,Cl,OMe,8.193306671,24.212830758000003
154,CNC(=O)/C(Cl)=C\c1ccccc1,237,932,932,H,Ph,Cl,NHMe,10.97502747,27.433176154
155,CN(C)C(=O)/C(Cl)=C\c1ccccc1,238,934,934,H,Ph,Cl,NMe2,11.816508993,31.099676183000003
156,O=C(Nc1ccccc1)/C(Cl)=C\c1ccccc1,239,933,933,H,Ph,Cl,NHPh,8.959487834000003,26.381481126000004
157,O=C(/C(Cl)=C\c1ccccc1)c1ccccc1,240,936,936,H,Ph,Cl,Ph,11.485814912000002,24.781348476
158,C=C(C=O)c1ccccc1,241,986,986,H,H,Ph,H,4.720077566,15.427788758000002
159,CC(C(=O)c1ccccc1)=C(c1ccccc1)c1ccccc1,24,728,728,Ph,Ph,Me,Ph,28.420238373,34.254761267
160,C=C(C(C)=O)c1ccccc1,242,985,985,H,H,Ph,Me,6.615764129,20.021110718
161,C=C(C(N)=O)c1ccccc1,243,987,987,H,H,Ph,NH2,7.043721175,24.313858741
162,C=C(C(=O)OC)c1ccccc1,244,991,991,H,H,Ph,OMe,4.363028359000001,21.715996321
163,C=C(C(=O)NC)c1ccccc1,245,988,988,H,H,Ph,NHMe,7.529408496999999,25.989291751000003
164,C=C(C(=O)N(C)C)c1ccccc1,246,990,990,H,H,Ph,NMe2,9.874387208,30.210504432
165,C=C(C(=O)Nc1ccccc1)c1ccccc1,247,989,989,H,H,Ph,NHPh,6.010851237000003,24.244205908
166,C=C(C(=O)c1ccccc1)c1ccccc1,248,992,992,H,H,Ph,Ph,6.724949651000003,18.923607971000003
167,C=CC=O,249,994,994,H,H,H,H,4.7062725,18.004316076000002
168,C=CC(C)=O,250,993,993,H,H,H,Me,5.585404203,21.894207173
169,C=CC(N)=O,251,995,995,H,H,H,NH2,7.612866396000007,26.949371341000003
170,O=CC(Br)=C(c1ccccc1)c1ccccc1,25,738,738,Ph,Ph,Br,H,17.320965308999998,27.715552504
171,C=CC(=O)OC,252,999,999,H,H,H,OMe,4.807927986000002,21.491977750000004
172,C=CC(=O)NC,253,996,996,H,H,H,NHMe,8.804494592999998,28.853842946000004
173,C=CC(=O)N(C)C,254,998,998,H,H,H,NMe2,9.61334596,24.807076099
174,C=CC(=O)Nc1ccccc1,255,997,997,H,H,H,NHPh,8.100436227000001,26.012509362
175,C=CC(=O)c1ccccc1,256,1000,1000,H,H,H,Ph,6.427513229,18.833247539
176,C=C(C)C=O,257,962,962,H,H,Me,H,8.548473368999998,21.461857606
177,C=C(C)C(C)=O,258,961,961,H,H,Me,Me,9.573813270999992,24.399826652
178,C=C(C)C(N)=O,259,963,963,H,H,Me,NH2,11.999739868999995,29.772507338000004
179,C=C(C)C(=O)OC,260,967,967,H,H,Me,OMe,8.508313176999993,25.603377406
180,CC(=O)C(Br)=C(c1ccccc1)c1ccccc1,26,737,737,Ph,Ph,Br,Me,22.359814399,31.837619711
181,C=C(C)C(=O)NC,261,964,964,H,H,Me,NHMe,13.166267945999993,31.938020191
182,C=C(C)C(=O)N(C)C,262,966,966,H,H,Me,NMe2,15.359390931000004,32.314521991
183,C=C(C)C(=O)Nc1ccccc1,263,965,965,H,H,Me,NHPh,12.559472545000002,28.926005791
184,C=C(C)C(=O)c1ccccc1,264,968,968,H,H,Me,Ph,11.542290182,22.340361806000004
185,C=C(Br)C=O,265,978,978,H,H,Br,H,-1.7049256510000028,12.230660973
186,C=C(Br)C(C)=O,266,977,977,H,H,Br,Me,1.4947121460000017,17.091299211000003
187,C=C(Br)C(N)=O,267,979,979,H,H,Br,NH2,1.8260337300000065,20.679988868
188,C=C(Br)C(=O)OC,268,983,983,H,H,Br,OMe,0.0357676709999922,18.581618836
189,C=C(Br)C(=O)NC,269,980,980,H,H,Br,NHMe,2.4296916160000004,22.468372418
190,C=C(Br)C(=O)N(C)C,270,982,982,H,H,Br,NMe2,6.955243251999998,24.793271033
191,C=C(Br)C(=O)Nc1ccccc1,271,981,981,H,H,Br,NHPh,0.929331943000001,20.10519612
192,NC(=O)C(Br)=C(c1ccccc1)c1ccccc1,27,739,739,Ph,Ph,Br,NH2,19.721164284,31.88342743
193,C=C(Br)C(=O)c1ccccc1,272,984,984,H,H,Br,Ph,2.6825753250000006,17.169109583
194,C=C(Cl)C=O,273,970,970,H,H,Cl,H,1.2920286770000031,15.918496104000004
195,C=C(Cl)C(C)=O,274,969,969,H,H,Cl,Me,2.481146862,17.854342859
196,C=C(Cl)C(N)=O,275,971,971,H,H,Cl,NH2,3.240425491999993,21.798199214
197,C=C(Cl)C(=O)OC,276,975,975,H,H,Cl,OMe,0.8741116790000034,19.428120383
198,C=C(Cl)C(=O)NC,277,972,972,H,H,Cl,NHMe,3.700385191,23.747851035
199,C=C(Cl)C(=O)N(C)C,278,974,974,H,H,Cl,NMe2,6.8830804070000005,25.240053169000003
200,C=C(Cl)C(=O)Nc1ccccc1,279,973,973,H,H,Cl,NHPh,2.5332296109999994,20.981817811000003
201,C=C(Cl)C(=O)c1ccccc1,280,976,976,H,H,Cl,Ph,3.609397256,17.684289546
202,C/C=C(\C=O)c1ccccc1,281,826,826,H,Me,Ph,H,5.434803483,18.937413037
203,COC(=O)C(Br)=C(c1ccccc1)c1ccccc1,28,743,743,Ph,Ph,Br,OMe,19.989735568,32.258674224
204,C/C=C(\C(C)=O)c1ccccc1,282,825,825,H,Me,Ph,Me,9.516710498,23.198785910000005
205,C/C=C(\C(N)=O)c1ccccc1,283,827,827,H,Me,Ph,NH2,9.220529081999995,27.214177607
206,C/C=C(\C(=O)OC)c1ccccc1,284,831,831,H,Me,Ph,OMe,7.070076301000008,24.25926598
207,C/C=C(\C(=O)NC)c1ccccc1,285,828,828,H,Me,Ph,NHMe,10.017457892,28.630451878
208,C/C=C(\C(=O)N(C)C)c1ccccc1,286,830,830,H,Me,Ph,NMe2,11.369099354000005,30.493508285
209,C/C=C(\C(=O)Nc1ccccc1)c1ccccc1,287,829,829,H,Me,Ph,NHPh,8.527138267000002,25.885126253000003
210,C/C=C(\C(=O)c1ccccc1)c1ccccc1,288,832,832,H,Me,Ph,Ph,9.478432815,22.987317399
211,C/C=C\C=O,289,834,834,H,Me,H,H,5.934923374000001,21.435502480000004
212,C/C=C\C(C)=O,290,833,833,H,Me,H,Me,10.913532175999997,21.8371044
213,C/C=C\C(N)=O,291,835,835,H,Me,H,NH2,11.536015152000008,26.8571284
214,CNC(=O)C(Br)=C(c1ccccc1)c1ccccc1,29,740,740,Ph,Ph,Br,NHMe,21.079708279,33.906497102
215,C/C=C\C(=O)OC,292,839,839,H,Me,H,OMe,8.690289047,23.80118879
216,C/C=C\C(=O)NC,293,836,836,H,Me,H,NHMe,12.062490168999997,32.092385929
217,C/C=C\C(=O)N(C)C,294,838,838,H,Me,H,NMe2,12.774706074,28.724577328
218,C/C=C\C(=O)Nc1ccccc1,295,837,837,H,Me,H,NHPh,11.600647961,28.782935107000004
219,C/C=C\C(=O)c1ccccc1,296,840,840,H,Me,H,Ph,10.895962092,20.316664631
220,C/C=C(/C)C=O,297,802,802,H,Me,Me,H,9.203586501,23.358799175
221,C/C=C(/C)C(C)=O,298,801,801,H,Me,Me,Me,14.947121459999996,26.076514668000005
222,C/C=C(/C)C(N)=O,299,803,803,H,Me,Me,NH2,15.900926019999991,33.883279491
223,C/C=C(/C)C(=O)OC,300,807,807,H,Me,Me,OMe,13.152462880000003,27.206020068
224,C/C=C(/C)C(=O)NC,301,804,804,H,Me,Me,NHMe,16.80515784300001,37.314465895
225,CN(C)C(=O)C(Br)=C(c1ccccc1)c1ccccc1,30,742,742,Ph,Ph,Br,NMe2,19.905022663,37.233518008
226,C/C=C(/C)C(=O)N(C)C,302,806,806,H,Me,Me,NMe2,16.729857483000004,36.469219354
227,C/C=C(/C)C(=O)Nc1ccccc1,303,805,805,H,Me,Me,NHPh,16.508348924000003,33.368727031000006
228,C/C=C(/C)C(=O)c1ccccc1,304,808,808,H,Me,Me,Ph,15.506854136,26.481881606000005
229,C/C=C(/Br)C=O,305,818,818,H,Me,Br,H,-0.890426756999998,13.972609301
230,C/C=C(/Br)C(C)=O,306,817,817,H,Me,Br,Me,4.635992164000004,19.45886803
231,C/C=C(/Br)C(N)=O,307,819,819,H,Me,Br,NH2,3.7869806049999992,23.693258274
232,C/C=C(/Br)C(=O)OC,308,823,823,H,Me,Br,OMe,3.2849782049999936,21.089748327
233,C/C=C(/Br)C(=O)NC,309,820,820,H,Me,Br,NHMe,4.586419426999998,24.547289857000003
234,NC(=O)C(=C(c1ccccc1)c1ccccc1)c1ccccc1,3,747,747,Ph,Ph,Ph,NH2,27.433176154,34.346376705000004
235,C/C=C(/Br)C(=O)N(C)C,310,822,822,H,Me,Br,NMe2,8.016350824999993,29.328862717000003
236,C/C=C(/Br)C(=O)Nc1ccccc1,311,821,821,H,Me,Br,NHPh,3.656459980999997,22.624620665
237,O=C(Nc1ccccc1)C(Br)=C(c1ccccc1)c1ccccc1,31,741,741,Ph,Ph,Br,NHPh,24.744325799,36.500594504
238,C/C=C(/Br)C(=O)c1ccccc1,312,824,824,H,Me,Br,Ph,5.754202510000001,20.220656672000004
239,C/C=C(/Cl)C=O,313,810,810,H,Me,Cl,H,1.5718950150000046,14.903823753
240,C/C=C(/Cl)C(C)=O,314,809,809,H,Me,Cl,Me,6.055403949999995,20.351177296000003
241,C/C=C(/Cl)C(N)=O,315,811,811,H,Me,Cl,NH2,5.085911815000001,24.351508921000004
242,C/C=C(/Cl)C(=O)OC,316,815,815,H,Me,Cl,OMe,3.565472045999996,21.754274004
243,C/C=C(/Cl)C(=O)NC,317,812,812,H,Me,Cl,NHMe,6.140744357999994,25.704405389
244,C/C=C(/Cl)C(=O)N(C)C,318,814,814,H,Me,Cl,NMe2,9.081223416,29.455618323
245,C/C=C(/Cl)C(=O)Nc1ccccc1,319,813,813,H,Me,Cl,NHPh,6.693574501000002,23.442884577000004
246,C/C=C(/Cl)C(=O)c1ccccc1,320,816,816,H,Me,Cl,Ph,6.888727933999999,20.638573670000003
247,O=C/C(=C\Br)c1ccccc1,321,906,906,H,Br,Ph,H,-2.072014906000001,20.719521557
248,O=C(C(Br)=C(c1ccccc1)c1ccccc1)c1ccccc1,32,744,744,Ph,Ph,Br,Ph,20.053740874,29.58613894700001
249,CC(=O)/C(=C\Br)c1ccccc1,322,905,905,H,Br,Ph,Me,3.061587137,26.428543851000004
250,NC(=O)/C(=C\Br)c1ccccc1,323,907,907,H,Br,Ph,NH2,1.2198658319999989,24.768170913
251,COC(=O)/C(=C\Br)c1ccccc1,324,911,911,H,Br,Ph,OMe,0.337596613999998,24.645180325
252,CNC(=O)/C(=C\Br)c1ccccc1,325,908,908,H,Br,Ph,NHMe,2.302936010000001,27.509104017
253,CN(C)C(=O)/C(=C\Br)c1ccccc1,326,910,910,H,Br,Ph,NMe2,4.5305716600000006,27.894390859
254,O=C(Nc1ccccc1)/C(=C\Br)c1ccccc1,327,909,909,H,Br,Ph,NHPh,1.4099992409999973,24.355901442000004
255,O=C(/C(=C\Br)c1ccccc1)c1ccccc1,328,912,912,H,Br,Ph,Ph,4.118929692000001,28.54511147
256,O=C/C=C\Br,329,914,914,H,Br,H,H,0.8057138520000003,21.083473297
257,CC(=O)/C=C\Br,330,913,913,H,Br,H,Me,1.7319082799999992,23.06701028
258,NC(=O)/C=C\Br,331,915,915,H,Br,H,NH2,2.220105614,26.822615735
259,O=CC(Cl)=C(c1ccccc1)c1ccccc1,33,730,730,Ph,Ph,Cl,H,18.953728115000004,28.913455731000003
260,COC(=O)/C=C\Br,332,919,919,H,Br,H,OMe,2.729638050000004,23.670668166
261,CNC(=O)/C=C\Br,333,916,916,H,Br,H,NHMe,2.2703058540000023,28.425258397
262,CN(C)C(=O)/C=C\Br,334,918,918,H,Br,H,NMe2,7.957365542999999,35.448899476
263,O=C(/C=C\Br)Nc1ccccc1,335,917,917,H,Br,H,NHPh,-0.3783843090000007,26.298023227
264,O=C(/C=C\Br)c1ccccc1,336,920,920,H,Br,H,Ph,5.085911815,21.175088735
265,C/C(C=O)=C/Br,337,882,882,H,Br,Me,H,4.0066066550000015,23.927944396
266,CC(=O)/C(C)=C\Br,338,881,881,H,Br,Me,Me,10.073933162,25.968584152
267,C/C(=C/Br)C(N)=O,339,883,883,H,Br,Me,NH2,8.046470968999992,32.075443348
268,COC(=O)/C(C)=C\Br,340,887,887,H,Br,Me,OMe,6.840410202999997,25.617182472
269,CNC(=O)/C(C)=C\Br,341,884,884,H,Br,Me,NHMe,8.802612084,33.774721472
270,CC(=O)C(Cl)=C(c1ccccc1)c1ccccc1,34,729,729,Ph,Ph,Cl,Me,24.421789257,30.17034424
271,C/C(=C/Br)C(=O)N(C)C,342,886,886,H,Br,Me,NMe2,11.56488029,35.722490784
272,C/C(=C/Br)C(=O)Nc1ccccc1,343,885,885,H,Br,Me,NHPh,7.828727427999999,29.665204325
273,C/C(=C/Br)C(=O)c1ccccc1,344,888,888,H,Br,Me,Ph,10.365722057,27.95525865
274,O=C/C(Br)=C\Br,345,898,898,H,Br,Br,H,-5.5835216940000025,17.072474121
275,CC(=O)/C(Br)=C\Br,346,897,897,H,Br,Br,Me,-0.5402800830000004,19.940790334000003
276,NC(=O)/C(Br)=C\Br,347,899,899,H,Br,Br,NH2,-3.111787376999999,23.022457567
277,COC(=O)/C(Br)=C\Br,348,903,903,H,Br,Br,OMe,-4.9296635679999925,20.144728809
278,CNC(=O)/C(Br)=C\Br,349,900,900,H,Br,Br,NHMe,-1.747595855000002,24.381001562
279,CN(C)C(=O)/C(Br)=C\Br,350,902,902,H,Br,Br,NMe2,1.013417344999999,27.444471208
280,NC(=O)C(Cl)=C(c1ccccc1)c1ccccc1,35,731,731,Ph,Ph,Cl,NH2,24.408611694000005,32.332719578
281,O=C(Nc1ccccc1)/C(Br)=C\Br,351,901,901,H,Br,Br,NHPh,-2.134765206,24.507757168
282,O=C(/C(Br)=C\Br)c1ccccc1,352,904,904,H,Br,Br,Ph,1.7118281839999987,21.734193908
283,O=C/C(Cl)=C\Br,353,890,890,H,Br,Cl,H,-3.4531490089999965,17.814182667
284,CC(=O)/C(Cl)=C\Br,354,889,889,H,Br,Cl,Me,1.3924291570000036,20.693166431
285,NC(=O)/C(Cl)=C\Br,355,891,891,H,Br,Cl,NH2,-1.2462209580000012,22.315261686000003
286,COC(=O)/C(Cl)=C\Br,356,895,895,H,Br,Cl,OMe,-0.1198530729999979,21.034528063000003
287,CNC(=O)/C(Cl)=C\Br,357,892,892,H,Br,Cl,NHMe,0.4649797229999948,22.590735503
288,CN(C)C(=O)/C(Cl)=C\Br,358,894,894,H,Br,Cl,NMe2,4.580144397000001,34.694013367000004
289,O=C(Nc1ccccc1)/C(Cl)=C\Br,359,893,893,H,Br,Cl,NHPh,-1.584445075,22.469627424
290,O=C(/C(Cl)=C\Br)c1ccccc1,360,896,896,H,Br,Cl,Ph,2.5049919759999995,21.84965446
291,O=C/C(=C\Cl)c1ccccc1,361,866,866,H,Cl,Ph,H,2.196888003,20.536290681
292,COC(=O)C(Cl)=C(c1ccccc1)c1ccccc1,36,735,735,Ph,Ph,Cl,OMe,21.684621171,32.747499061
293,CC(=O)/C(=C\Cl)c1ccccc1,362,865,865,H,Cl,Ph,Me,7.235109589999999,26.374578593000003
294,NC(=O)/C(=C\Cl)c1ccccc1,363,867,867,H,Cl,Ph,NH2,5.865898043999997,28.150412083
295,COC(=O)/C(=C\Cl)c1ccccc1,364,871,871,H,Cl,Ph,OMe,4.518649103,24.27809107
296,CNC(=O)/C(=C\Cl)c1ccccc1,365,868,868,H,Cl,Ph,NHMe,5.779930133000001,25.650440131
297,CN(C)C(=O)/C(=C\Cl)c1ccccc1,366,870,870,H,Cl,Ph,NMe2,8.779394473,27.610132
298,O=C(Nc1ccccc1)/C(=C\Cl)c1ccccc1,367,869,869,H,Cl,Ph,NHPh,5.941825906999999,28.870785527
299,O=C(/C(=C\Cl)c1ccccc1)c1ccccc1,368,872,872,H,Cl,Ph,Ph,7.777272181999997,28.127821975
300,O=C/C=C\Cl,369,874,874,H,Cl,H,H,3.849730905000001,20.841884642
301,CC(=O)/C=C\Cl,370,873,873,H,Cl,H,Me,4.803535464999997,23.992577205
302,CNC(=O)C(Cl)=C(c1ccccc1)c1ccccc1,37,732,732,Ph,Ph,Cl,NHMe,25.433324093,34.277978878000006
303,NC(=O)/C=C\Cl,371,875,875,H,Cl,H,NH2,5.276045224,27.102482073
304,COC(=O)/C=C\Cl,372,879,879,H,Cl,H,OMe,6.008968727999984,23.607290363000004
305,CNC(=O)/C=C\Cl,373,876,876,H,Cl,H,NHMe,5.4479810460000015,26.980746491
306,CN(C)C(=O)/C=C\Cl,374,878,878,H,Cl,H,NMe2,10.595388155000004,25.469091764
307,O=C(/C=C\Cl)Nc1ccccc1,375,877,877,H,Cl,H,NHPh,4.241292776999999,26.399051210000003
308,O=C(/C=C\Cl)c1ccccc1,376,880,880,H,Cl,H,Ph,7.436538053,21.112338435
309,C/C(C=O)=C/Cl,377,842,842,H,Cl,Me,H,8.014468316000004,23.738438490000004
310,CC(=O)/C(C)=C\Cl,378,841,841,H,Cl,Me,Me,10.105935814999995,26.398423707000003
311,C/C(=C/Cl)C(N)=O,379,843,843,H,Cl,Me,NH2,10.606055705999992,30.577593687000004
312,COC(=O)/C(C)=C\Cl,380,847,847,H,Cl,Me,OMe,9.215509057999986,27.149544798
313,CN(C)C(=O)C(Cl)=C(c1ccccc1)c1ccccc1,38,734,734,Ph,Ph,Cl,NMe2,21.30372685,37.49330425
314,CNC(=O)/C(C)=C\Cl,381,844,844,H,Cl,Me,NHMe,10.980047493999992,31.7516518
315,C/C(=C/Cl)C(=O)N(C)C,382,846,846,H,Cl,Me,NMe2,14.460806635,42.658281443
316,C/C(=C/Cl)C(=O)Nc1ccccc1,383,845,845,H,Cl,Me,NHPh,10.774226510000002,29.867887794
317,C/C(=C/Cl)C(=O)c1ccccc1,384,848,848,H,Cl,Me,Ph,13.753610754,27.492161436
318,O=C/C(Br)=C\Cl,385,858,858,H,Cl,Br,H,-1.7049256510000028,17.096319235
319,CC(=O)/C(Br)=C\Cl,386,857,857,H,Cl,Br,Me,3.2812131869999943,18.725944526000003
320,NC(=O)/C(Br)=C\Cl,387,859,859,H,Cl,Br,NH2,1.832936262999996,22.453312346
321,COC(=O)/C(Br)=C\Cl,388,863,863,H,Cl,Br,OMe,1.2644185450000107,19.7663445
322,CNC(=O)/C(Br)=C\Cl,389,860,860,H,Cl,Br,NHMe,3.0189169330000065,24.164513027
323,CN(C)C(=O)/C(Br)=C\Cl,390,862,862,H,Cl,Br,NMe2,5.562186592000002,33.346136923
324,O=C(Nc1ccccc1)C(Cl)=C(c1ccccc1)c1ccccc1,39,733,733,Ph,Ph,Cl,NHPh,25.071254862000004,37.174532726
325,O=C(Nc1ccccc1)/C(Br)=C\Cl,391,861,861,H,Cl,Br,NHPh,2.014284630000001,22.555595335
326,O=C(/C(Br)=C\Cl)c1ccccc1,392,864,864,H,Cl,Br,Ph,5.454256076,21.416049887
327,O=C/C(Cl)=C\Cl,393,850,850,H,Cl,Cl,H,0.9036043200000023,17.849322835000002
328,CC(=O)/C(Cl)=C\Cl,394,849,849,H,Cl,Cl,Me,5.4962987770000025,20.824314558
329,NC(=O)/C(Cl)=C\Cl,395,851,851,H,Cl,Cl,NH2,3.3540035350000106,21.147478603000003
330,COC(=O)/C(Cl)=C\Cl,396,855,855,H,Cl,Cl,OMe,3.268035623999994,21.114220944
331,CNC(=O)/C(Cl)=C\Cl,397,852,852,H,Cl,Cl,NHMe,4.39816852700001,23.663138130000004
332,CN(C)C(=O)/C(Cl)=C\Cl,398,854,854,H,Cl,Cl,NMe2,7.402025387999992,34.459327245000004
333,O=C(Nc1ccccc1)/C(Cl)=C\Cl,399,853,853,H,Cl,Cl,NHPh,2.1517077870000034,22.10065566
334,O=C(/C(Cl)=C\Cl)c1ccccc1,400,856,856,H,Cl,Cl,Ph,6.618274141,21.431737462
335,C/C(=C(/C=O)c1ccccc1)c1ccccc1,401,146,146,Me,Ph,Ph,H,12.674305594000002,26.654444931000004
336,O=C(C(Cl)=C(c1ccccc1)c1ccccc1)c1ccccc1,40,736,736,Ph,Ph,Cl,Ph,21.254781615999995,30.036686101
337,CC(=O)/C(=C(/C)c1ccccc1)c1ccccc1,402,145,145,Me,Ph,Ph,Me,19.222299399,30.526765944
338,C/C(=C(/C(N)=O)c1ccccc1)c1ccccc1,403,147,147,Me,Ph,Ph,NH2,18.372660337,35.391796703000004
339,COC(=O)/C(=C(/C)c1ccccc1)c1ccccc1,404,151,151,Me,Ph,Ph,OMe,16.823355429999996,37.293758296
340,CNC(=O)/C(=C(/C)c1ccccc1)c1ccccc1,405,148,148,Me,Ph,Ph,NHMe,18.47368832,31.591638535
341,C/C(=C(/C(=O)N(C)C)c1ccccc1)c1ccccc1,406,150,150,Me,Ph,Ph,NMe2,19.549228462,33.511170212
342,C/C(=C(/C(=O)Nc1ccccc1)c1ccccc1)c1ccccc1,407,149,149,Me,Ph,Ph,NHPh,17.403168202000003,35.421289344
343,C/C(=C(/C(=O)c1ccccc1)c1ccccc1)c1ccccc1,408,152,152,Me,Ph,Ph,Ph,19.089268763,25.912108882
344,C/C(=C/C=O)c1ccccc1,409,154,154,Me,Ph,H,H,13.885386384,26.523924307
345,CC(=O)/C=C(/C)c1ccccc1,410,153,153,Me,Ph,H,Me,19.648373935999995,27.596326934000004
346,O=C/C(=C/c1ccccc1)c1ccccc1,41,786,786,Ph,H,Ph,H,11.600020458000005,20.620376083000004
347,C/C(=C/C(N)=O)c1ccccc1,411,155,155,Me,Ph,H,NH2,18.076478921,32.972772638
348,COC(=O)/C=C(/C)c1ccccc1,412,159,159,Me,Ph,H,OMe,16.346453150000002,26.407208749
349,CNC(=O)/C=C(/C)c1ccccc1,413,156,156,Me,Ph,H,NHMe,18.518868536,34.549060174000005
350,C/C(=C/C(=O)N(C)C)c1ccccc1,414,158,158,Me,Ph,H,NMe2,19.97969552,34.181970919
351,C/C(=C/C(=O)Nc1ccccc1)c1ccccc1,415,157,157,Me,Ph,H,NHPh,16.628201997,28.709517256
352,C/C(=C/C(=O)c1ccccc1)c1ccccc1,416,160,160,Me,Ph,H,Ph,19.524755845,27.534831640000004
353,C/C(C=O)=C(\C)c1ccccc1,417,122,122,Me,Ph,Me,H,18.530791093,29.794469943000003
354,CC(=O)/C(C)=C(/C)c1ccccc1,418,121,121,Me,Ph,Me,Me,23.702043316,28.078249238
355,C/C(C(N)=O)=C(\C)c1ccccc1,419,123,123,Me,Ph,Me,NH2,22.610815599,34.207698542
356,COC(=O)/C(C)=C(/C)c1ccccc1,420,127,127,Me,Ph,Me,OMe,20.823059552,30.642853999000003
357,CNC(=O)/C(C)=C(/C)c1ccccc1,421,124,124,Me,Ph,Me,NHMe,22.686743462,36.339326233
358,CC(=O)/C(=C/c1ccccc1)c1ccccc1,42,785,785,Ph,H,Ph,Me,8.833359731,22.0253553
359,C/C(C(=O)N(C)C)=C(\C)c1ccccc1,422,126,126,Me,Ph,Me,NMe2,23.912256821,38.733877681
360,C/C(C(=O)Nc1ccccc1)=C(\C)c1ccccc1,423,125,125,Me,Ph,Me,NHPh,21.251016598000003,33.663653441
361,C/C(C(=O)c1ccccc1)=C(\C)c1ccccc1,424,128,128,Me,Ph,Me,Ph,23.526969979,29.286820016
362,C/C(=C(\Br)C=O)c1ccccc1,425,138,138,Me,Ph,Br,H,9.553733175,23.338091576000004
363,CC(=O)/C(Br)=C(/C)c1ccccc1,426,137,137,Me,Ph,Br,Me,13.998336924000002,23.434099535000005
364,C/C(=C(\Br)C(N)=O)c1ccccc1,427,139,139,Me,Ph,Br,NH2,12.893931644,28.188689766
365,COC(=O)/C(Br)=C(/C)c1ccccc1,428,143,143,Me,Ph,Br,OMe,11.131275717000005,26.008116841
366,CNC(=O)/C(Br)=C(/C)c1ccccc1,429,140,140,Me,Ph,Br,NHMe,12.960446962000002,29.628809151
367,C/C(=C(\Br)C(=O)N(C)C)c1ccccc1,430,142,142,Me,Ph,Br,NMe2,14.059832218,33.87888697
368,NC(=O)/C(=C/c1ccccc1)c1ccccc1,43,787,787,Ph,H,Ph,NH2,11.479539882,27.970318722
369,C/C(=C(\Br)C(=O)Nc1ccccc1)c1ccccc1,431,141,141,Me,Ph,Br,NHPh,12.619712833,27.953376141000003
370,C/C(=C(\Br)C(=O)c1ccccc1)c1ccccc1,432,144,144,Me,Ph,Br,Ph,13.953156708,25.951641571
371,C/C(=C(\Cl)C=O)c1ccccc1,433,130,130,Me,Ph,Cl,H,11.192771011,23.870841623
372,CC(=O)/C(Cl)=C(/C)c1ccccc1,434,129,129,Me,Ph,Cl,Me,15.899043511,25.888891271
373,C/C(=C(\Cl)C(N)=O)c1ccccc1,435,131,131,Me,Ph,Cl,NH2,15.383236045000002,28.501186260000004
374,COC(=O)/C(Cl)=C(/C)c1ccccc1,436,135,135,Me,Ph,Cl,OMe,12.816121272000007,26.250332999000005
375,CNC(=O)/C(Cl)=C(/C)c1ccccc1,437,132,132,Me,Ph,Cl,NHMe,15.459791411000005,30.120771503000004
376,C/C(=C(\Cl)C(=O)N(C)C)c1ccccc1,438,134,134,Me,Ph,Cl,NMe2,16.014504063000004,34.288646429
377,C/C(=C(\Cl)C(=O)Nc1ccccc1)c1ccccc1,439,133,133,Me,Ph,Cl,NHPh,14.1815678,28.549503991000005
378,COC(=O)C(=C(c1ccccc1)c1ccccc1)c1ccccc1,4,751,751,Ph,Ph,Ph,OMe,25.103885018000003,33.247618952
379,C/C(=C(\Cl)C(=O)c1ccccc1)c1ccccc1,440,136,136,Me,Ph,Cl,Ph,15.705145084000002,25.793510815000005
380,C/C=C(/C=O)c1ccccc1,441,186,186,Me,H,Ph,H,8.401010164,18.592286387
381,COC(=O)/C(=C/c1ccccc1)c1ccccc1,44,791,791,Ph,H,Ph,OMe,8.757431868000003,25.36994629
382,C/C=C(/C(C)=O)c1ccccc1,442,185,185,Me,H,Ph,Me,8.421717763,22.772083870000003
383,C/C=C(/C(N)=O)c1ccccc1,443,187,187,Me,H,Ph,NH2,8.748019323,27.68543236
384,C/C=C(/C(=O)OC)c1ccccc1,444,191,191,Me,H,Ph,OMe,6.422493205000006,24.879238944000004
385,C/C=C(/C(=O)NC)c1ccccc1,445,188,188,Me,H,Ph,NHMe,9.279514364000002,28.785445119
386,C/C=C(/C(=O)N(C)C)c1ccccc1,446,190,190,Me,H,Ph,NMe2,12.066882689999998,33.579568039
387,C/C=C(/C(=O)Nc1ccccc1)c1ccccc1,447,189,189,Me,H,Ph,NHPh,7.82496241,26.159345064000004
388,C/C=C(/C(=O)c1ccccc1)c1ccccc1,448,192,192,Me,H,Ph,Ph,8.836497245999999,20.916557499000003
389,C/C=C/C=O,449,194,194,Me,H,H,H,8.615616190000004,20.423967644
390,C/C=C/C(C)=O,450,193,193,Me,H,H,Me,7.459755663999998,24.652710361000004
391,C/C=C/C(N)=O,451,195,195,Me,H,H,NH2,10.206963798000013,29.481345946000005
392,CNC(=O)/C(=C/c1ccccc1)c1ccccc1,45,788,788,Ph,H,Ph,NHMe,9.332224616,28.085151771
393,C/C=C/C(=O)OC,452,199,199,Me,H,H,OMe,6.738127213999999,23.826916413
394,C/C=C/C(=O)NC,453,196,196,Me,H,H,NHMe,11.517817564999998,31.558380876000005
395,C/C=C/C(=O)N(C)C,454,198,198,Me,H,H,NMe2,12.166028164000007,26.657582446000003
396,C/C=C/C(=O)Nc1ccccc1,455,197,197,Me,H,H,NHPh,11.412397061000002,29.134964290000003
397,C/C=C/C(=O)c1ccccc1,456,200,200,Me,H,H,Ph,8.685896526,20.351804799
398,C/C=C(\C)C=O,457,162,162,Me,H,Me,H,11.313879090000004,22.934607147
399,C/C=C(\C)C(C)=O,458,161,161,Me,H,Me,Me,10.655628442999998,27.121307163000004
400,C/C=C(\C)C(N)=O,459,163,163,Me,H,Me,NH2,14.237415567,32.574308233000004
401,C/C=C(\C)C(=O)OC,460,167,167,Me,H,Me,OMe,10.343759452,27.60385697
402,CN(C)C(=O)/C(=C/c1ccccc1)c1ccccc1,46,790,790,Ph,H,Ph,NMe2,13.00186216,28.026793992
403,C/C=C(\C)C(=O)NC,461,164,164,Me,H,Me,NHMe,15.643022287000004,34.319394076
404,C/C=C(\C)C(=O)N(C)C,462,166,166,Me,H,Me,NMe2,16.427401036999996,32.414294968
405,C/C=C(\C)C(=O)Nc1ccccc1,463,165,165,Me,H,Me,NHPh,15.586547017,30.445190554
406,C/C=C(\C)C(=O)c1ccccc1,464,168,168,Me,H,Me,Ph,14.497201809,22.883779404
407,C/C=C(\Br)C=O,465,178,178,Me,H,Br,H,2.6405326239999978,14.960299023
408,C/C=C(\Br)C(C)=O,466,177,177,Me,H,Br,Me,3.855378432000007,19.845409878
409,C/C=C(\Br)C(N)=O,467,179,179,Me,H,Br,NH2,3.5780221059999997,23.370094229
410,C/C=C(\Br)C(=O)OC,468,183,183,Me,H,Br,OMe,1.446394415000001,21.427344941
411,C/C=C(\Br)C(=O)NC,469,180,180,Me,H,Br,NHMe,3.957661421000005,24.574272486
412,C/C=C(\Br)C(=O)N(C)C,470,182,182,Me,H,Br,NMe2,6.936418162000006,29.284937507
413,C/C=C(\Br)C(=O)Nc1ccccc1,471,181,181,Me,H,Br,NHPh,2.917888950000003,22.705568552000003
414,O=C(Nc1ccccc1)/C(=C/c1ccccc1)c1ccccc1,47,789,789,Ph,H,Ph,NHPh,10.77422651,26.174405136
415,C/C=C(\Br)C(=O)c1ccccc1,472,184,184,Me,H,Br,Ph,4.840558142000001,17.75205987
416,C/C=C(\Cl)C=O,473,170,170,Me,H,Cl,H,4.232507734999997,17.321592812000002
417,C/C=C(\Cl)C(C)=O,474,169,169,Me,H,Cl,Me,4.256980351999999,20.152886348
418,C/C=C(\Cl)C(N)=O,475,171,171,Me,H,Cl,NH2,4.91146598100001,24.502737144
419,C/C=C(\Cl)C(=O)OC,476,175,175,Me,H,Cl,OMe,2.505619478999998,22.419427184000003
420,C/C=C(\Cl)C(=O)NC,477,172,172,Me,H,Cl,NHMe,5.519516388,26.109144824
421,C/C=C(\Cl)C(=O)N(C)C,478,174,174,Me,H,Cl,NMe2,8.362104978000012,30.041706125
422,C/C=C(\Cl)C(=O)Nc1ccccc1,479,173,173,Me,H,Cl,NHPh,4.400051035999999,23.70078831
423,C/C=C(\Cl)C(=O)c1ccccc1,480,176,176,Me,H,Cl,Ph,5.858368008000001,19.250537034
424,CC(C)=C(C=O)c1ccccc1,481,26,26,Me,Me,Ph,H,8.977057917999998,20.510563058
425,O=C(/C(=C/c1ccccc1)c1ccccc1)c1ccccc1,48,792,792,Ph,H,Ph,Ph,9.603305912,20.423967644
426,CC(=O)C(=C(C)C)c1ccccc1,482,25,25,Me,Me,Ph,Me,11.253011299000004,30.432640494
427,CC(C)=C(C(N)=O)c1ccccc1,483,27,27,Me,Me,Ph,NH2,9.905134855000002,29.191439560000003
428,COC(=O)C(=C(C)C)c1ccccc1,484,31,31,Me,Me,Ph,OMe,9.184133907999987,26.783710549
429,CNC(=O)C(=C(C)C)c1ccccc1,485,28,28,Me,Me,Ph,NHMe,10.646215897999998,30.33035750500001
430,CC(C)=C(C(=O)N(C)C)c1ccccc1,486,30,30,Me,Me,Ph,NMe2,13.378991463,43.640323638
431,CC(C)=C(C(=O)Nc1ccccc1)c1ccccc1,487,29,29,Me,Me,Ph,NHPh,9.65727117,27.506594005
432,CC(C)=C(C(=O)c1ccccc1)c1ccccc1,488,32,32,Me,Me,Ph,Ph,11.792036376,28.481106164
433,CC(C)=CC=O,489,34,34,Me,Me,H,H,9.09816599699999,23.997597229
434,CC(=O)C=C(C)C,490,33,33,Me,Me,H,Me,12.211835882999996,23.077677831
435,CC(C)=CC(N)=O,491,35,35,Me,Me,H,NH2,13.115440203000002,26.692095111
436,O=C/C=C/c1ccccc1,49,794,794,Ph,H,H,H,9.820421949999998,22.887544422
437,COC(=O)C=C(C)C,492,39,39,Me,Me,H,OMe,9.965375143000005,26.093457249000004
438,CNC(=O)C=C(C)C,493,36,36,Me,Me,H,NHMe,13.43483922999999,28.495538733000004
439,CC(C)=CC(=O)N(C)C,494,38,38,Me,Me,H,NMe2,14.069872266,29.264229908
440,CC(C)=CC(=O)Nc1ccccc1,495,37,37,Me,Me,H,NHPh,17.996158537000003,31.510690648
441,CC(C)=CC(=O)c1ccccc1,496,40,40,Me,Me,H,Ph,11.810233963000002,21.378399707000003
442,CC(C)=C(C)C=O,497,2,2,Me,Me,Me,H,10.236456439000008,25.528077046000003
443,CC(=O)C(C)=C(C)C,498,1,1,Me,Me,Me,Me,15.720205155999995,31.078968584000005
444,CC(C)=C(C)C(N)=O,499,3,3,Me,Me,Me,NH2,15.777935432,32.837859493
445,COC(=O)C(C)=C(C)C,500,7,7,Me,Me,Me,OMe,12.494839735999992,29.006326175
446,CNC(=O)C(C)=C(C)C,501,4,4,Me,Me,Me,NHMe,16.091686932,35.087457748000006
447,CC(=O)/C=C/c1ccccc1,50,793,793,Ph,H,H,Me,11.18837849,25.544392124
448,CC(C)=C(C)C(=O)N(C)C,502,6,6,Me,Me,Me,NMe2,17.383088105999995,37.705400264000005
449,CC(C)=C(C)C(=O)Nc1ccccc1,503,5,5,Me,Me,Me,NHPh,15.4993241,32.319542015
450,CC(C)=C(C)C(=O)c1ccccc1,504,8,8,Me,Me,Me,Ph,16.406065935,29.968915777000003
451,CC(C)=C(Br)C=O,505,18,18,Me,Me,Br,H,3.1739101740000004,17.988628501
452,CC(=O)C(Br)=C(C)C,506,17,17,Me,Me,Br,Me,6.184669567999994,25.291508415000003
453,CC(C)=C(Br)C(N)=O,507,19,19,Me,Me,Br,NH2,7.737739493000006,25.421401536
454,COC(=O)C(Br)=C(C)C,508,23,23,Me,Me,Br,OMe,3.822120772999991,24.074152595000005
455,CNC(=O)C(Br)=C(C)C,509,20,20,Me,Me,Br,NHMe,5.429783458999997,28.215044892
456,CNC(=O)C(=C(c1ccccc1)c1ccccc1)c1ccccc1,5,748,748,Ph,Ph,Ph,NHMe,28.021146465,35.905094157
457,CC(C)=C(Br)C(=O)N(C)C,510,22,22,Me,Me,Br,NMe2,8.534668303000002,38.085667082
458,NC(=O)/C=C/c1ccccc1,51,795,795,Ph,H,H,NH2,13.123597742000005,31.727806686000005
459,CC(C)=C(Br)C(=O)Nc1ccccc1,511,21,21,Me,Me,Br,NHPh,5.382720733999998,26.233390418000003
460,CC(C)=C(Br)C(=O)c1ccccc1,512,24,24,Me,Me,Br,Ph,7.302252411000001,24.969599376
461,CC(C)=C(Cl)C=O,513,10,10,Me,Me,Cl,H,4.736392644,18.832620036
462,CC(=O)C(Cl)=C(C)C,514,9,9,Me,Me,Cl,Me,7.745269529000005,25.895793804
463,CC(C)=C(Cl)C(N)=O,515,11,11,Me,Me,Cl,NH2,9.278259357999996,25.654205149000003
464,COC(=O)C(Cl)=C(C)C,516,15,15,Me,Me,Cl,OMe,6.857980286999997,23.510654901
465,CNC(=O)C(Cl)=C(C)C,517,12,12,Me,Me,Cl,NHMe,10.016202886000013,26.810693178
466,CC(C)=C(Cl)C(=O)N(C)C,518,14,14,Me,Me,Cl,NMe2,9.449567677000005,38.58515947000001
467,CC(C)=C(Cl)C(=O)Nc1ccccc1,519,13,13,Me,Me,Cl,NHPh,9.075575888999998,24.677182978
468,CC(C)=C(Cl)C(=O)c1ccccc1,520,16,16,Me,Me,Cl,Ph,8.68464152,25.394418907
469,COC(=O)/C=C/c1ccccc1,52,799,799,Ph,H,H,OMe,7.795469769000011,25.563844717
470,C/C(Br)=C(/C=O)c1ccccc1,521,106,106,Me,Br,Ph,H,-0.6638981740000011,23.240201108
471,CC(=O)/C(=C(/C)Br)c1ccccc1,522,105,105,Me,Br,Ph,Me,3.8453383840000033,28.796740173000003
472,C/C(Br)=C(/C(N)=O)c1ccccc1,523,107,107,Me,Br,Ph,NH2,4.199877578999999,27.815325481
473,COC(=O)/C(=C(/C)Br)c1ccccc1,524,111,111,Me,Br,Ph,OMe,1.6973956150000082,25.959171607000005
474,CNC(=O)/C(=C(/C)Br)c1ccccc1,525,108,108,Me,Br,Ph,NHMe,4.379970940000001,34.05458781
475,C/C(Br)=C(/C(=O)N(C)C)c1ccccc1,526,110,110,Me,Br,Ph,NMe2,5.377073207000003,30.852440001000005
476,C/C(Br)=C(/C(=O)Nc1ccccc1)c1ccccc1,527,109,109,Me,Br,Ph,NHPh,3.964563954,26.074632159
477,C/C(Br)=C(/C(=O)c1ccccc1)c1ccccc1,528,112,112,Me,Br,Ph,Ph,4.92589855,24.4098667
478,C/C(Br)=C/C=O,529,114,114,Me,Br,H,H,-0.3388516199999993,23.043165166
479,CC(=O)/C=C(/C)Br,530,113,113,Me,Br,H,Me,3.405458780999992,20.863847247
480,CNC(=O)/C=C/c1ccccc1,53,796,796,Ph,H,H,NHMe,14.740045469999998,33.226911353
481,C/C(Br)=C/C(N)=O,531,115,115,Me,Br,H,NH2,2.082682457000001,29.161319416
482,COC(=O)/C=C(/C)Br,532,119,119,Me,Br,H,OMe,2.3958064539999926,25.551294657
483,CNC(=O)/C=C(/C)Br,533,116,116,Me,Br,H,NHMe,2.8764737519999946,30.911425283000003
484,C/C(Br)=C/C(=O)N(C)C,534,118,118,Me,Br,H,NMe2,6.283815041999997,38.630339686
485,C/C(Br)=C/C(=O)Nc1ccccc1,535,117,117,Me,Br,H,NHPh,2.170532876999998,28.582134147
486,C/C(Br)=C/C(=O)c1ccccc1,536,120,120,Me,Br,H,Ph,3.923776258999999,22.430094735
487,C/C(Br)=C(\C)C=O,537,82,82,Me,Br,Me,H,3.534096895999999,25.974231679000003
488,CC(=O)/C(C)=C(/C)Br,538,81,81,Me,Br,Me,Me,10.147978515999997,30.423855452
489,C/C(Br)=C(\C)C(N)=O,539,83,83,Me,Br,Me,NH2,10.323051853000006,29.903027962000003
490,COC(=O)/C(C)=C(/C)Br,540,87,87,Me,Br,Me,OMe,6.487753516999993,27.775165289
491,CNC(=O)/C(C)=C(/C)Br,541,84,84,Me,Br,Me,NHMe,9.698686368000008,34.428579598
492,CN(C)C(=O)/C=C/c1ccccc1,54,798,798,Ph,H,H,NMe2,11.551075224000002,27.350345758000003
493,C/C(Br)=C(\C)C(=O)N(C)C,542,86,86,Me,Br,Me,NMe2,10.387684661999993,34.624360534000004
494,C/C(Br)=C(\C)C(=O)Nc1ccccc1,543,85,85,Me,Br,Me,NHPh,10.191276223,29.689049439
495,C/C(Br)=C(\C)C(=O)c1ccccc1,544,88,88,Me,Br,Me,Ph,9.593893367,27.593816922
496,C/C(Br)=C(\Br)C=O,545,98,98,Me,Br,Br,H,-4.557554289,20.472285375
497,CC(=O)/C(Br)=C(/C)Br,546,97,97,Me,Br,Br,Me,-0.1700533129999959,25.255113241
498,C/C(Br)=C(\Br)C(N)=O,547,99,99,Me,Br,Br,NH2,-2.2671683389999946,25.596474873
499,COC(=O)/C(Br)=C(/C)Br,548,103,103,Me,Br,Br,OMe,-3.839063353999991,23.257771192
500,CNC(=O)/C(Br)=C(/C)Br,549,100,100,Me,Br,Br,NHMe,-2.2740708720000016,27.079891965
501,C/C(Br)=C(\Br)C(=O)N(C)C,550,102,102,Me,Br,Br,NMe2,1.1564880289999984,30.083121323
502,C/C(Br)=C(\Br)C(=O)Nc1ccccc1,551,101,101,Me,Br,Br,NHPh,-1.794658580000001,24.435594323000004
503,O=C(/C=C/c1ccccc1)Nc1ccccc1,55,797,797,Ph,H,H,NHPh,14.364171173000004,30.448955572
504,C/C(Br)=C(\Br)C(=O)c1ccccc1,552,104,104,Me,Br,Br,Ph,0.8226564329999998,26.692722614
505,C/C(Br)=C(\Cl)C=O,553,90,90,Me,Br,Cl,H,-1.381761605999997,19.878667537
506,CC(=O)/C(Cl)=C(/C)Br,554,89,89,Me,Br,Cl,Me,1.502242181999996,25.168517827
507,C/C(Br)=C(\Cl)C(N)=O,555,91,91,Me,Br,Cl,NH2,-0.4229370219999963,25.705032892
508,COC(=O)/C(Cl)=C(/C)Br,556,95,95,Me,Br,Cl,OMe,-1.012162339000002,23.476769739
509,CNC(=O)/C(Cl)=C(/C)Br,557,92,92,Me,Br,Cl,NHMe,1.3641915220000058,26.080279686000004
510,C/C(Br)=C(\Cl)C(=O)N(C)C,558,94,94,Me,Br,Cl,NMe2,3.4876616739999964,30.544336028
511,C/C(Br)=C(\Cl)C(=O)Nc1ccccc1,559,93,93,Me,Br,Cl,NHPh,-0.253511212000001,29.022013750000003
512,C/C(Br)=C(\Cl)C(=O)c1ccccc1,560,96,96,Me,Br,Cl,Ph,1.740065818999999,26.301788245
513,O=C(/C=C/c1ccccc1)c1ccccc1,56,800,800,Ph,H,H,Ph,7.545723575000001,20.998760392
514,C/C(Cl)=C(/C=O)c1ccccc1,561,66,66,Me,Cl,Ph,H,4.985511335000001,24.781348476
515,CC(=O)/C(=C(/C)Cl)c1ccccc1,562,65,65,Me,Cl,Ph,Me,9.063025829,28.626686860000003
516,C/C(Cl)=C(/C(N)=O)c1ccccc1,563,67,67,Me,Cl,Ph,NH2,7.725816935999998,28.091426801000004
517,COC(=O)/C(=C(/C)Cl)c1ccccc1,564,71,71,Me,Cl,Ph,OMe,7.127179074000005,26.055179566000003
518,CNC(=O)/C(=C(/C)Cl)c1ccccc1,565,68,68,Me,Cl,Ph,NHMe,8.202091713,27.950238626
519,C/C(Cl)=C(/C(=O)N(C)C)c1ccccc1,566,70,70,Me,Cl,Ph,NMe2,10.530755346,30.907032762
520,C/C(Cl)=C(/C(=O)Nc1ccccc1)c1ccccc1,567,69,69,Me,Cl,Ph,NHPh,7.390730334000001,26.020666901
521,C/C(Cl)=C(/C(=O)c1ccccc1)c1ccccc1,568,72,72,Me,Cl,Ph,Ph,9.548713151,24.458184431
522,C/C(Cl)=C/C=O,569,74,74,Me,Cl,H,H,4.886365861000002,24.038384924
523,CC(=O)/C=C(/C)Cl,570,73,73,Me,Cl,H,Me,6.141999363999995,25.258250756
524,C/C(Cl)=C/C(N)=O,571,75,75,Me,Cl,H,NH2,6.36601793500001,29.217167183
525,C/C(C=O)=C\c1ccccc1,57,762,762,Ph,H,Me,H,14.917001316000002,24.113057781
526,COC(=O)/C=C(/C)Cl,572,79,79,Me,Cl,H,OMe,7.183026840999991,25.770293204
527,CNC(=O)/C=C(/C)Cl,573,76,76,Me,Cl,H,NHMe,7.167966769000002,29.353962837
528,C/C(Cl)=C/C(=O)N(C)C,574,78,78,Me,Cl,H,NMe2,11.773211285999992,38.108884693
529,C/C(Cl)=C/C(=O)Nc1ccccc1,575,77,77,Me,Cl,H,NHPh,5.490651250000001,28.503068769
530,C/C(Cl)=C/C(=O)c1ccccc1,576,80,80,Me,Cl,H,Ph,8.468152984999998,22.167170978000005
531,C/C(Cl)=C(\C)C=O,577,42,42,Me,Cl,Me,H,8.709114136999993,25.750213108000004
532,CC(=O)/C(C)=C(/C)Cl,578,41,41,Me,Cl,Me,Me,13.702155507999995,30.120144000000003
533,C/C(Cl)=C(\C)C(N)=O,579,43,43,Me,Cl,Me,NH2,13.062102448,32.875509673
534,COC(=O)/C(C)=C(/C)Cl,580,47,47,Me,Cl,Me,OMe,11.08295798599999,27.649664689
535,CC(=O)/C(C)=C/c1ccccc1,58,761,761,Ph,H,Me,Me,16.245425167000004,27.935178554000004
536,CNC(=O)/C(C)=C(/C)Cl,581,44,44,Me,Cl,Me,NHMe,13.507629578000012,34.746096116000004
537,C/C(Cl)=C(\C)C(=O)N(C)C,582,46,46,Me,Cl,Me,NMe2,15.189965120999997,35.061102622
538,C/C(Cl)=C(\C)C(=O)Nc1ccccc1,583,45,45,Me,Cl,Me,NHPh,14.782088171000009,29.90679298
539,C/C(Cl)=C(\C)C(=O)c1ccccc1,584,48,48,Me,Cl,Me,Ph,14.819110848,30.763334575
540,C/C(Cl)=C(\Br)C=O,585,58,58,Me,Cl,Br,H,1.010279829999996,19.04471605
541,CC(=O)/C(Br)=C(/C)Cl,586,57,57,Me,Cl,Br,Me,4.719450062999991,24.626355235
542,C/C(Cl)=C(\Br)C(N)=O,587,59,59,Me,Cl,Br,NH2,1.3039512340000066,27.796500391
543,COC(=O)/C(Br)=C(/C)Cl,588,63,63,Me,Cl,Br,OMe,2.9712267049999936,23.014927531
544,CNC(=O)/C(Br)=C(/C)Cl,589,60,60,Me,Cl,Br,NHMe,2.9310665129999967,25.818610935
545,C/C(Cl)=C(\Br)C(=O)N(C)C,590,62,62,Me,Cl,Br,NMe2,7.437793059000002,29.958875729000003
546,C/C(Cl)=C(\Br)C(=O)Nc1ccccc1,591,61,61,Me,Cl,Br,NHPh,2.1918679789999977,28.060679154
547,C/C(=C\c1ccccc1)C(N)=O,59,763,763,Ph,H,Me,NH2,16.385985839,30.150264144
548,C/C(Cl)=C(\Br)C(=O)c1ccccc1,592,64,64,Me,Cl,Br,Ph,6.226712269000001,25.684952796000005
549,C/C(Cl)=C(\Cl)C=O,593,50,50,Me,Cl,Cl,H,2.6210800310000004,20.929107559
550,CC(=O)/C(Cl)=C(/C)Cl,594,49,49,Me,Cl,Cl,Me,6.514108643000001,23.653725585
551,C/C(Cl)=C(\Cl)C(N)=O,595,51,51,Me,Cl,Cl,NH2,5.141132079000004,25.619692484000005
552,COC(=O)/C(Cl)=C(/C)Cl,596,55,55,Me,Cl,Cl,OMe,3.5215468359999864,23.144193149
553,CNC(=O)/C(Cl)=C(/C)Cl,597,52,52,Me,Cl,Cl,NHMe,5.720317347999991,30.165324216
554,C/C(Cl)=C(\Cl)C(=O)N(C)C,598,54,54,Me,Cl,Cl,NMe2,8.110476275000003,38.831768149000006
555,C/C(Cl)=C(\Cl)C(=O)Nc1ccccc1,599,53,53,Me,Cl,Cl,NHPh,4.842440651000001,28.482988673
556,C/C(Cl)=C(\Cl)C(=O)c1ccccc1,600,56,56,Me,Cl,Cl,Ph,7.147259170000003,25.550039651
557,COC(=O)/C(C)=C/c1ccccc1,60,767,767,Ph,H,Me,OMe,13.609285064000009,28.705752238
558,O=C/C(=C(/Br)c1ccccc1)c1ccccc1,601,546,546,Br,Ph,Ph,H,7.287192339,26.427288845000003
559,CC(=O)/C(=C(/Br)c1ccccc1)c1ccccc1,602,545,545,Br,Ph,Ph,Me,6.227339772000001,33.236323898
560,NC(=O)/C(=C(/Br)c1ccccc1)c1ccccc1,603,547,547,Br,Ph,Ph,NH2,12.806081224000003,35.667898023000006
561,COC(=O)/C(=C(/Br)c1ccccc1)c1ccccc1,604,551,551,Br,Ph,Ph,OMe,9.829834495000002,36.395801503
562,CNC(=O)/C(=C(/Br)c1ccccc1)c1ccccc1,605,548,548,Br,Ph,Ph,NHMe,14.536106995000004,39.286707824
563,CN(C)C(=O)/C(=C(/Br)c1ccccc1)c1ccccc1,606,550,550,Br,Ph,Ph,NMe2,6.076111549000001,38.826120622000005
564,O=C(Nc1ccccc1)/C(=C(/Br)c1ccccc1)c1ccccc1,607,549,549,Br,Ph,Ph,NHPh,15.655572346999996,35.006509861000005
565,O=C(/C(=C(/Br)c1ccccc1)c1ccccc1)c1ccccc1,608,552,552,Br,Ph,Ph,Ph,6.860490298999999,30.772119617
566,O=C/C=C(/Br)c1ccccc1,609,554,554,Br,Ph,H,H,6.151411909,26.429798857
567,CN(C)C(=O)C(=C(c1ccccc1)c1ccccc1)c1ccccc1,6,750,750,Ph,Ph,Ph,NMe2,23.145448155,39.452368616
568,CC(=O)/C=C(/Br)c1ccccc1,610,553,553,Br,Ph,H,Me,8.557258411,28.871413030000003
569,NC(=O)/C=C(/Br)c1ccccc1,611,555,555,Br,Ph,H,NH2,8.355202445000002,36.826896064
570,CNC(=O)/C(C)=C/c1ccccc1,61,764,764,Ph,H,Me,NHMe,17.095064229000002,36.505614528
571,COC(=O)/C=C(/Br)c1ccccc1,612,559,559,Br,Ph,H,OMe,6.462653397000002,30.432640494
572,CNC(=O)/C=C(/Br)c1ccccc1,613,556,556,Br,Ph,H,NHMe,9.240609178,38.898283467000006
573,CN(C)C(=O)/C=C(/Br)c1ccccc1,614,558,558,Br,Ph,H,NMe2,10.25967405,30.163441707000004
574,O=C(/C=C(/Br)c1ccccc1)Nc1ccccc1,615,557,557,Br,Ph,H,NHPh,9.422585048000002,31.786164465
575,O=C(/C=C(/Br)c1ccccc1)c1ccccc1,616,560,560,Br,Ph,H,Ph,8.990862983999996,23.818758874
576,C/C(C=O)=C(\Br)c1ccccc1,617,522,522,Br,Ph,Me,H,10.060128096,28.056286633000003
577,CC(=O)/C(C)=C(/Br)c1ccccc1,618,521,521,Br,Ph,Me,Me,14.523556935,32.623253467000005
578,C/C(C(N)=O)=C(\Br)c1ccccc1,619,523,523,Br,Ph,Me,NH2,13.306828618,37.119312462
579,COC(=O)/C(C)=C(/Br)c1ccccc1,620,527,527,Br,Ph,Me,OMe,11.741208633000005,33.417672265
580,C/C(=C\c1ccccc1)C(=O)N(C)C,62,766,766,Ph,H,Me,NMe2,18.052006304,33.559487943
581,CNC(=O)/C(C)=C(/Br)c1ccccc1,621,524,524,Br,Ph,Me,NHMe,13.34071378,39.155559697
582,C/C(C(=O)N(C)C)=C(\Br)c1ccccc1,622,526,526,Br,Ph,Me,NMe2,14.293890836999998,39.47433122100001
583,C/C(C(=O)Nc1ccccc1)=C(\Br)c1ccccc1,623,525,525,Br,Ph,Me,NHPh,17.026666401999996,36.48302442
584,C/C(C(=O)c1ccccc1)=C(\Br)c1ccccc1,624,528,528,Br,Ph,Me,Ph,13.961314247,34.461837257000006
585,O=C/C(Br)=C(/Br)c1ccccc1,625,538,538,Br,Ph,Br,H,1.8467413290000008,22.72815866
586,CC(=O)/C(Br)=C(/Br)c1ccccc1,626,537,537,Br,Ph,Br,Me,5.5866592090000005,26.623697284
587,NC(=O)/C(Br)=C(/Br)c1ccccc1,627,539,539,Br,Ph,Br,NH2,4.6999974700000005,30.42762047
588,COC(=O)/C(Br)=C(/Br)c1ccccc1,628,543,543,Br,Ph,Br,OMe,2.8400785780000017,27.339678207
589,CNC(=O)/C(Br)=C(/Br)c1ccccc1,629,540,540,Br,Ph,Br,NHMe,4.642894696999999,31.695804033
590,CN(C)C(=O)/C(Br)=C(/Br)c1ccccc1,630,542,542,Br,Ph,Br,NMe2,5.354483098999999,34.822651482000005
591,O=C(Nc1ccccc1)/C(Br)=C(/Br)c1ccccc1,631,541,541,Br,Ph,Br,NHPh,9.609580942,30.877540121000003
592,C/C(=C\c1ccccc1)C(=O)Nc1ccccc1,63,765,765,Ph,H,Me,NHPh,26.185072687,32.657766132
593,O=C(/C(Br)=C(/Br)c1ccccc1)c1ccccc1,632,544,544,Br,Ph,Br,Ph,6.540463769000001,28.693829681
594,O=C/C(Cl)=C(/Br)c1ccccc1,633,530,530,Br,Ph,Cl,H,4.375578419,23.599760327
595,CC(=O)/C(Cl)=C(/Br)c1ccccc1,634,529,529,Br,Ph,Cl,Me,8.168834054,26.834538292000005
596,NC(=O)/C(Cl)=C(/Br)c1ccccc1,635,531,531,Br,Ph,Cl,NH2,4.446486257999999,29.654536774000004
597,COC(=O)/C(Cl)=C(/Br)c1ccccc1,636,535,535,Br,Ph,Cl,OMe,5.963788512000008,28.164217149
598,CNC(=O)/C(Cl)=C(/Br)c1ccccc1,637,532,532,Br,Ph,Cl,NHMe,4.662974793,30.875657612
599,CN(C)C(=O)/C(Cl)=C(/Br)c1ccccc1,638,534,534,Br,Ph,Cl,NMe2,7.529408497,35.063612634
600,O=C(Nc1ccccc1)/C(Cl)=C(/Br)c1ccccc1,639,533,533,Br,Ph,Cl,NHPh,9.859954639,30.311532415
601,O=C(/C(Cl)=C(/Br)c1ccccc1)c1ccccc1,640,536,536,Br,Ph,Cl,Ph,8.369007511000001,29.527781168
602,C/C(=C\c1ccccc1)C(=O)c1ccccc1,64,768,768,Ph,H,Me,Ph,16.114277039999997,23.634900495
603,O=C/C(=C/Br)c1ccccc1,641,586,586,Br,H,Ph,H,3.125592443,19.857332435
604,CC(=O)/C(=C/Br)c1ccccc1,642,585,585,Br,H,Ph,Me,2.095232517,22.3391068
605,NC(=O)/C(=C/Br)c1ccccc1,643,587,587,Br,H,Ph,NH2,1.4394918819999984,26.512001750000003
606,COC(=O)/C(=C/Br)c1ccccc1,644,591,591,Br,H,Ph,OMe,-0.4066219440000061,23.605407854
607,CNC(=O)/C(=C/Br)c1ccccc1,645,588,588,Br,H,Ph,NHMe,1.448904426999999,27.39615347700001
608,CN(C)C(=O)/C(=C/Br)c1ccccc1,646,590,590,Br,H,Ph,NMe2,3.73991788,31.297967131
609,O=C(Nc1ccccc1)/C(=C/Br)c1ccccc1,647,589,589,Br,H,Ph,NHPh,0.4310945609999979,24.719853182
610,O=C(/C(=C/Br)c1ccccc1)c1ccccc1,648,592,592,Br,H,Ph,Ph,1.435099361000003,21.874127077
611,O=C/C=C/Br,649,594,594,Br,H,H,H,1.6308802970000005,20.993740368
612,CC(=O)/C=C/Br,650,593,593,Br,H,H,Me,1.8128561669999972,23.691375765
613,NC(=O)/C=C/Br,651,595,595,Br,H,H,NH2,5.001198910000004,28.429023415
614,O=C/C(Br)=C/c1ccccc1,65,778,778,Ph,H,Br,H,6.253694898,16.518388972
615,COC(=O)/C=C/Br,652,599,599,Br,H,H,OMe,-1.598250141000005,23.376996762000005
616,CNC(=O)/C=C/Br,653,596,596,Br,H,H,NHMe,6.956498258,29.259209884000004
617,CN(C)C(=O)/C=C/Br,654,598,598,Br,H,H,NMe2,1.1194653520000006,25.909598870000004
618,O=C(/C=C/Br)Nc1ccccc1,655,597,597,Br,H,H,NHPh,7.47356073,28.702614723
619,O=C(/C=C/Br)c1ccccc1,656,600,600,Br,H,H,Ph,-0.4831773099999999,20.621003586000004
620,C/C(C=O)=C\Br,657,562,562,Br,H,Me,H,5.695844731000001,22.328439249
621,CC(=O)/C(C)=C/Br,658,561,561,Br,H,Me,Me,6.431278247000005,27.186567475000004
622,C/C(=C\Br)C(N)=O,659,563,563,Br,H,Me,NH2,9.499140414000005,32.04030318
623,COC(=O)/C(C)=C/Br,660,567,567,Br,H,Me,OMe,3.621319812999999,26.008116841
624,CNC(=O)/C(C)=C/Br,661,564,564,Br,H,Me,NHMe,11.768818764999995,32.175216325
625,CC(=O)/C(Br)=C/c1ccccc1,66,777,777,Ph,H,Br,Me,8.417325242,19.824074776000003
626,C/C(=C\Br)C(=O)N(C)C,662,566,566,Br,H,Me,NMe2,7.973680621000007,35.430074386
627,C/C(=C\Br)C(=O)Nc1ccccc1,663,565,565,Br,H,Me,NHPh,11.963344695,31.321184742000003
628,C/C(=C\Br)C(=O)c1ccccc1,664,568,568,Br,H,Me,Ph,5.595444251,23.969987097
629,O=C/C(Br)=C/Br,665,578,578,Br,H,Br,H,-3.617554795,17.048001504000002
630,CC(=O)/C(Br)=C/Br,666,577,577,Br,H,Br,Me,-2.1881029610000025,19.782659578
631,NC(=O)/C(Br)=C/Br,667,579,579,Br,H,Br,NH2,-3.643282417999999,23.043165166
632,COC(=O)/C(Br)=C/Br,668,583,583,Br,H,Br,OMe,-4.849343183999991,21.361457126000005
633,CNC(=O)/C(Br)=C/Br,669,580,580,Br,H,Br,NHMe,-3.0791572210000013,22.851149248
634,CN(C)C(=O)/C(Br)=C/Br,670,582,582,Br,H,Br,NMe2,-1.8078361429999967,26.751707896000003
635,O=C(Nc1ccccc1)/C(Br)=C/Br,671,581,581,Br,H,Br,NHPh,-4.030451769,22.540535263
636,NC(=O)/C(Br)=C/c1ccccc1,67,779,779,Ph,H,Br,NH2,6.6370992310000005,24.916889124
637,O=C(/C(Br)=C/Br)c1ccccc1,672,584,584,Br,H,Br,Ph,-1.1828431549999998,20.571430849
638,O=C/C(Cl)=C/Br,673,570,570,Br,H,Cl,H,-2.5577022280000024,18.857092653
639,CC(=O)/C(Cl)=C/Br,674,569,569,Br,H,Cl,Me,-0.9255669250000026,20.750896707000003
640,NC(=O)/C(Cl)=C/Br,675,571,571,Br,H,Cl,NH2,-1.3560339830000063,23.813111347
641,COC(=O)/C(Cl)=C/Br,676,575,575,Br,H,Cl,OMe,-3.0848047480000025,21.963860006
642,CNC(=O)/C(Cl)=C/Br,677,572,572,Br,H,Cl,NHMe,-1.051067525000002,25.233150636
643,CN(C)C(=O)/C(Cl)=C/Br,678,574,574,Br,H,Cl,NMe2,0.1662882950000008,29.054643906000003
644,O=C(Nc1ccccc1)/C(Cl)=C/Br,679,573,573,Br,H,Cl,NHPh,-2.365058807000001,23.512537410000004
645,O=C(/C(Cl)=C/Br)c1ccccc1,680,576,576,Br,H,Cl,Ph,-0.0069025330000006,21.020722997000004
646,C/C(Br)=C(\C=O)c1ccccc1,681,426,426,Br,Me,Ph,H,1.93898427,22.868091829000004
647,COC(=O)/C(Br)=C/c1ccccc1,68,783,783,Ph,H,Br,OMe,5.336285511999999,21.737331423
648,CC(=O)/C(=C(\C)Br)c1ccccc1,682,425,425,Br,Me,Ph,Me,5.291732799,25.710052916
649,C/C(Br)=C(\C(N)=O)c1ccccc1,683,427,427,Br,Me,Ph,NH2,2.5545647130000035,29.481973449
650,COC(=O)/C(=C(\C)Br)c1ccccc1,684,431,431,Br,Me,Ph,OMe,2.598489922999995,26.464939025
651,CNC(=O)/C(=C(\C)Br)c1ccccc1,685,428,428,Br,Me,Ph,NHMe,4.133362260999999,30.299609858000004
652,C/C(Br)=C(\C(=O)N(C)C)c1ccccc1,686,430,430,Br,Me,Ph,NMe2,3.0220544479999987,39.304277908
653,C/C(Br)=C(\C(=O)Nc1ccccc1)c1ccccc1,687,429,429,Br,Me,Ph,NHPh,3.5234293450000003,28.336152971000004
654,C/C(Br)=C(\C(=O)c1ccccc1)c1ccccc1,688,432,432,Br,Me,Ph,Ph,1.551814919000002,30.61775387900001
655,C/C(Br)=C\C=O,689,434,434,Br,Me,H,H,0.8640716310000021,22.200428637
656,CC(=O)/C=C(\C)Br,690,433,433,Br,Me,H,Me,1.959691868999992,24.359038957000003
657,CNC(=O)/C(Br)=C/c1ccccc1,69,780,780,Ph,H,Br,NHMe,7.263347224999999,26.284218161
658,C/C(Br)=C\C(N)=O,691,435,435,Br,Me,H,NH2,1.275086096000004,28.775405071
659,COC(=O)/C=C(\C)Br,692,439,439,Br,Me,H,OMe,-0.5383975739999985,25.7903733
660,CNC(=O)/C=C(\C)Br,693,436,436,Br,Me,H,NHMe,8.406657690999996,33.883279491
661,C/C(Br)=C\C(=O)N(C)C,694,438,438,Br,Me,H,NMe2,2.5313471019999976,29.414830628000004
662,C/C(Br)=C\C(=O)Nc1ccccc1,695,437,437,Br,Me,H,NHPh,9.159033788000004,31.715884129
663,C/C(Br)=C\C(=O)c1ccccc1,696,440,440,Br,Me,H,Ph,1.6296252910000013,22.967864806
664,C/C(Br)=C(/C)C=O,697,402,402,Br,Me,Me,H,4.254470340000001,23.877744156
665,CC(=O)/C(C)=C(\C)Br,698,401,401,Br,Me,Me,Me,5.048889137999999,31.530143241
666,C/C(Br)=C(/C)C(N)=O,699,403,403,Br,Me,Me,NH2,11.382904420000012,35.587577639
667,COC(=O)/C(C)=C(\C)Br,700,407,407,Br,Me,Me,OMe,2.038129744000001,31.50692563
668,CNC(=O)/C(C)=C(\C)Br,701,404,404,Br,Me,Me,NHMe,12.550687503000004,39.350085627000006
669,CN(C)C(=O)/C(Br)=C/c1ccccc1,70,782,782,Ph,H,Br,NMe2,7.996270729000001,27.37168086
670,C/C(Br)=C(/C)C(=O)N(C)C,702,406,406,Br,Me,Me,NMe2,6.956498258,41.022381122000006
671,C/C(Br)=C(/C)C(=O)Nc1ccccc1,703,405,405,Br,Me,Me,NHPh,13.415386637,35.421916847
672,C/C(Br)=C(/C)C(=O)c1ccccc1,704,408,408,Br,Me,Me,Ph,6.492773541000002,29.343922789
673,C/C(Br)=C(/Br)C=O,705,418,418,Br,Me,Br,H,-3.8359258390000006,18.836385054
674,CC(=O)/C(Br)=C(\C)Br,706,417,417,Br,Me,Br,Me,1.372976564000006,22.201683643000003
675,C/C(Br)=C(/Br)C(N)=O,707,419,419,Br,Me,Br,NH2,-1.6835905490000032,25.37622132
676,COC(=O)/C(Br)=C(\C)Br,708,423,423,Br,Me,Br,OMe,-2.238303200999992,22.681723438
677,CNC(=O)/C(Br)=C(\C)Br,709,420,420,Br,Me,Br,NHMe,-0.9167818830000024,27.105619588
678,O=C(Nc1ccccc1)C(=C(c1ccccc1)c1ccccc1)c1ccccc1,7,749,749,Ph,Ph,Ph,NHPh,30.721291874,40.334637834000006
679,C/C(Br)=C(/Br)C(=O)N(C)C,710,422,422,Br,Me,Br,NMe2,-2.6850853370000034,35.352264014
680,O=C(Nc1ccccc1)/C(Br)=C/c1ccccc1,71,781,781,Ph,H,Br,NHPh,6.467045918,23.508772392
681,C/C(Br)=C(/Br)C(=O)Nc1ccccc1,711,421,421,Br,Me,Br,NHPh,-0.4856873220000002,25.690600323
682,C/C(Br)=C(/Br)C(=O)c1ccccc1,712,424,424,Br,Me,Br,Ph,-3.953896403,26.682682566
683,C/C(Br)=C(/Cl)C=O,713,410,410,Br,Me,Cl,H,-2.613549994999997,19.942672843
684,CC(=O)/C(Cl)=C(\C)Br,714,409,409,Br,Me,Cl,Me,2.279718399000007,23.787383724
685,C/C(Br)=C(/Cl)C(N)=O,715,411,411,Br,Me,Cl,NH2,-0.3551666980000069,25.084432425
686,COC(=O)/C(Cl)=C(\C)Br,716,415,415,Br,Me,Cl,OMe,-1.038517465000011,24.530347276000004
687,CNC(=O)/C(Cl)=C(\C)Br,717,412,412,Br,Me,Cl,NHMe,0.2924163980000051,26.007489338
688,C/C(Br)=C(/Cl)C(=O)N(C)C,718,414,414,Br,Me,Cl,NMe2,-0.060240288000008,32.421197501
689,C/C(Br)=C(/Cl)C(=O)Nc1ccccc1,719,413,413,Br,Me,Cl,NHPh,-0.3708542730000008,24.816488644000003
690,C/C(Br)=C(/Cl)C(=O)c1ccccc1,720,416,416,Br,Me,Cl,Ph,3.0992373169999974,24.508384671
691,O=CC(=C(Br)Br)c1ccccc1,721,506,506,Br,Br,Ph,H,-5.050771647000002,23.056342729
692,O=C(/C(Br)=C/c1ccccc1)c1ccccc1,72,784,784,Ph,H,Br,Ph,9.66982123,18.062046352000003
693,CC(=O)C(=C(Br)Br)c1ccccc1,722,505,505,Br,Br,Ph,Me,-3.23791548,30.781532162
694,NC(=O)C(=C(Br)Br)c1ccccc1,723,507,507,Br,Br,Ph,NH2,-4.105124626000001,26.495686672
695,COC(=O)C(=C(Br)Br)c1ccccc1,724,511,511,Br,Br,Ph,OMe,-5.021279006000006,26.412856276
696,CNC(=O)C(=C(Br)Br)c1ccccc1,725,508,508,Br,Br,Ph,NHMe,-3.867300989,34.018192636
697,CN(C)C(=O)C(=C(Br)Br)c1ccccc1,726,510,510,Br,Br,Ph,NMe2,-2.265913333,31.530770744
698,O=C(Nc1ccccc1)C(=C(Br)Br)c1ccccc1,727,509,509,Br,Br,Ph,NHPh,-5.178782259,32.697298821000004
699,O=C(C(=C(Br)Br)c1ccccc1)c1ccccc1,728,512,512,Br,Br,Ph,Ph,-2.347488722999997,31.225176783
700,O=CC=C(Br)Br,729,514,514,Br,Br,H,H,-5.345070553999999,22.014060246000003
701,CC(=O)C=C(Br)Br,730,513,513,Br,Br,H,Me,-2.978129238,24.968971873
702,O=C/C(Cl)=C/c1ccccc1,73,770,770,Ph,H,Cl,H,7.553881114,17.918348165
703,NC(=O)C=C(Br)Br,731,515,515,Br,Br,H,NH2,-3.465071566,23.872724132
704,COC(=O)C=C(Br)Br,732,519,519,Br,Br,H,OMe,-6.31079767099999,23.460454661
705,CNC(=O)C=C(Br)Br,733,516,516,Br,Br,H,NHMe,-1.3020687250000005,29.237247279000005
706,CN(C)C(=O)C=C(Br)Br,734,518,518,Br,Br,H,NMe2,-2.927928997999998,36.893411382
707,O=C(C=C(Br)Br)Nc1ccccc1,735,517,517,Br,Br,H,NHPh,-0.9569420750000008,28.466046092000003
708,O=C(C=C(Br)Br)c1ccccc1,736,520,520,Br,Br,H,Ph,-4.059316907,20.922205026
709,CC(C=O)=C(Br)Br,737,482,482,Br,Br,Me,H,-0.0709078390000012,24.68596802
710,CC(=O)C(C)=C(Br)Br,738,481,481,Br,Br,Me,Me,1.3497589530000005,32.708593875
711,CC(C(N)=O)=C(Br)Br,739,483,483,Br,Br,Me,NH2,4.603362007999993,36.30104855
712,COC(=O)C(C)=C(Br)Br,740,487,487,Br,Br,Me,OMe,-1.177195627999993,29.084764050000004
713,CNC(=O)C(C)=C(Br)Br,741,484,484,Br,Br,Me,NHMe,5.798127720000008,36.58969993
714,CC(=O)/C(Cl)=C/c1ccccc1,74,769,769,Ph,H,Cl,Me,9.123266117000004,20.741484162000003
715,CC(C(=O)N(C)C)=C(Br)Br,742,486,486,Br,Br,Me,NMe2,1.9094916289999984,40.924490654
716,CC(C(=O)Nc1ccccc1)=C(Br)Br,743,485,485,Br,Br,Me,NHPh,6.5053236010000015,35.352891517
717,CC(C(=O)c1ccccc1)=C(Br)Br,744,488,488,Br,Br,Me,Ph,1.608290189,33.155376011
718,O=CC(Br)=C(Br)Br,745,498,498,Br,Br,Br,H,-7.083881367000001,19.112486374
719,CC(=O)C(Br)=C(Br)Br,746,497,497,Br,Br,Br,Me,-6.807780047000003,27.704257450000004
720,NC(=O)C(Br)=C(Br)Br,747,499,499,Br,Br,Br,NH2,-7.937285447000001,30.751412018000003
721,COC(=O)C(Br)=C(Br)Br,748,503,503,Br,Br,Br,OMe,-10.51883278900001,24.431201802000004
722,CNC(=O)C(Br)=C(Br)Br,749,500,500,Br,Br,Br,NHMe,-7.530663503000003,32.280009326000005
723,CN(C)C(=O)C(Br)=C(Br)Br,750,502,502,Br,Br,Br,NMe2,-6.900650491,30.424482955
724,O=C(Nc1ccccc1)C(Br)=C(Br)Br,751,501,501,Br,Br,Br,NHPh,-9.734454039,30.936525403
725,NC(=O)/C(Cl)=C/c1ccccc1,75,771,771,Ph,H,Cl,NH2,8.128046359,26.415366288
726,O=C(C(Br)=C(Br)Br)c1ccccc1,752,504,504,Br,Br,Br,Ph,-6.962773288,28.413963343
727,O=CC(Cl)=C(Br)Br,753,490,490,Br,Br,Cl,H,-5.009356448999998,19.516598306
728,CC(=O)C(Cl)=C(Br)Br,754,489,489,Br,Br,Cl,Me,-5.291105296000001,27.381720908
729,NC(=O)C(Cl)=C(Br)Br,755,491,491,Br,Br,Cl,NH2,-6.230477287000005,25.439599123
730,COC(=O)C(Cl)=C(Br)Br,756,495,495,Br,Br,Cl,OMe,-8.058393526000014,24.517797216
731,CNC(=O)C(Cl)=C(Br)Br,757,492,492,Br,Br,Cl,NHMe,-6.045991404999999,28.352468049
732,CN(C)C(=O)C(Cl)=C(Br)Br,758,494,494,Br,Br,Cl,NMe2,-4.640384685,30.878795127000004
733,O=C(Nc1ccccc1)C(Cl)=C(Br)Br,759,493,493,Br,Br,Cl,NHPh,-7.395750357999999,31.162426483
734,O=C(C(Cl)=C(Br)Br)c1ccccc1,760,496,496,Br,Br,Cl,Ph,-5.292987805000001,28.307287833
735,O=C/C(=C(\Cl)Br)c1ccccc1,761,466,466,Br,Cl,Ph,H,0.2114685110000003,25.002857035
736,COC(=O)/C(Cl)=C/c1ccccc1,76,775,775,Ph,H,Cl,OMe,6.320210216000008,23.055715226
737,CC(=O)/C(=C(\Cl)Br)c1ccccc1,762,465,465,Br,Cl,Ph,Me,2.2772083870000004,30.186659318000004
738,NC(=O)/C(=C(\Cl)Br)c1ccccc1,763,467,467,Br,Cl,Ph,NH2,1.8097186520000008,32.378527297000005
739,COC(=O)/C(=C(\Cl)Br)c1ccccc1,764,471,471,Br,Cl,Ph,OMe,0.9330969609999928,26.327515868000003
740,CNC(=O)/C(=C(\Cl)Br)c1ccccc1,765,468,468,Br,Cl,Ph,NHMe,1.9929495279999991,33.774721472
741,CN(C)C(=O)/C(=C(\Cl)Br)c1ccccc1,766,470,470,Br,Cl,Ph,NMe2,3.845338384000001,31.654388835
742,O=C(Nc1ccccc1)/C(=C(\Cl)Br)c1ccccc1,767,469,469,Br,Cl,Ph,NHPh,0.2773563260000009,37.866668535
743,O=C(/C(=C(\Cl)Br)c1ccccc1)c1ccccc1,768,472,472,Br,Cl,Ph,Ph,2.2558732850000007,30.414442907
744,O=C/C=C(\Cl)Br,769,474,474,Br,Cl,H,H,-0.6682906949999978,21.682111159
745,CC(=O)/C=C(\Cl)Br,770,473,473,Br,Cl,H,Me,0.3614417280000001,24.937596723
746,NC(=O)/C=C(\Cl)Br,771,475,475,Br,Cl,H,NH2,-0.7316684980000003,28.16860967
747,CNC(=O)/C(Cl)=C/c1ccccc1,77,772,772,Ph,H,Cl,NHMe,8.736096766,27.544244185000004
748,COC(=O)/C=C(\Cl)Br,772,479,479,Br,Cl,H,OMe,-1.5882100930000036,23.639293016
749,CNC(=O)/C=C(\Cl)Br,773,476,476,Br,Cl,H,NHMe,0.9983572729999972,30.108848946
750,CN(C)C(=O)/C=C(\Cl)Br,774,478,478,Br,Cl,H,NMe2,2.2709333570000028,26.109144824
751,O=C(/C=C(\Cl)Br)Nc1ccccc1,775,477,477,Br,Cl,H,NHPh,1.5166747509999994,27.102482073
752,O=C(/C=C(\Cl)Br)c1ccccc1,776,480,480,Br,Cl,H,Ph,0.939999494,20.72014906
753,C/C(C=O)=C(/Cl)Br,777,442,442,Br,Cl,Me,H,4.447113760999998,24.212203255
754,CC(=O)/C(C)=C(\Cl)Br,778,441,441,Br,Cl,Me,Me,6.014616254999998,31.952452760000003
755,C/C(C(N)=O)=C(/Cl)Br,779,443,443,Br,Cl,Me,NH2,8.699074088999993,34.645068133
756,COC(=O)/C(C)=C(\Cl)Br,780,447,447,Br,Cl,Me,OMe,3.285605708000012,29.072213990000005
757,CNC(=O)/C(C)=C(\Cl)Br,781,444,444,Br,Cl,Me,NHMe,10.064520617,35.906349163
758,CN(C)C(=O)/C(Cl)=C/c1ccccc1,78,774,774,Ph,H,Cl,NMe2,9.871249693,27.279437919
759,C/C(C(=O)N(C)C)=C(/Cl)Br,782,446,446,Br,Cl,Me,NMe2,7.147259170000008,40.759457365
760,C/C(C(=O)Nc1ccccc1)=C(/Cl)Br,783,445,445,Br,Cl,Me,NHPh,11.383531923,30.915190301000003
761,C/C(C(=O)c1ccccc1)=C(/Cl)Br,784,448,448,Br,Cl,Me,Ph,6.781424921000001,32.32895456000001
762,O=C/C(Br)=C(\Cl)Br,785,458,458,Br,Cl,Br,H,-1.888156527000001,18.460510757
763,CC(=O)/C(Br)=C(\Cl)Br,786,457,457,Br,Cl,Br,Me,-2.141040235999999,26.250960502000005
764,NC(=O)/C(Br)=C(\Cl)Br,787,459,459,Br,Cl,Br,NH2,-2.919771459000003,29.795097446000003
765,COC(=O)/C(Br)=C(\Cl)Br,788,463,463,Br,Cl,Br,OMe,-5.070224240000003,23.724633424000004
766,CNC(=O)/C(Br)=C(\Cl)Br,789,460,460,Br,Cl,Br,NHMe,-3.073509694,31.609836122000004
767,CN(C)C(=O)/C(Br)=C(\Cl)Br,790,462,462,Br,Cl,Br,NMe2,-2.0770349300000004,29.991505885
768,O=C(Nc1ccccc1)/C(Br)=C(\Cl)Br,791,461,461,Br,Cl,Br,NHPh,-4.464056342000002,30.32721999
769,O=C(Nc1ccccc1)/C(Cl)=C/c1ccccc1,79,773,773,Ph,H,Cl,NHPh,7.434655544000001,24.733030745
770,O=C(/C(Br)=C(\Cl)Br)c1ccccc1,792,464,464,Br,Cl,Br,Ph,-1.822896215000001,27.427528627
771,O=C/C(Cl)=C(\Cl)Br,793,450,450,Br,Cl,Cl,H,-0.6450730840000007,19.175236674
772,CC(=O)/C(Cl)=C(\Cl)Br,794,449,449,Br,Cl,Cl,Me,-0.891054260000003,25.326648583
773,NC(=O)/C(Cl)=C(\Cl)Br,795,451,451,Br,Cl,Cl,NH2,-1.8875290240000069,25.061842317000004
774,COC(=O)/C(Cl)=C(\Cl)Br,796,455,455,Br,Cl,Cl,OMe,-3.2096778450000056,23.259653701000005
775,CNC(=O)/C(Cl)=C(\Cl)Br,797,452,452,Br,Cl,Cl,NHMe,-1.253123490999999,26.485646624000005
776,CN(C)C(=O)/C(Cl)=C(\Cl)Br,798,454,454,Br,Cl,Cl,NMe2,0.033885161999999,35.858031432000004
777,O=C(Nc1ccccc1)/C(Cl)=C(\Cl)Br,799,453,453,Br,Cl,Cl,NHPh,-2.2772083870000004,24.702910601000003
778,O=C(/C(Cl)=C(\Cl)Br)c1ccccc1,800,456,456,Br,Cl,Cl,Ph,-0.3733642850000001,26.887876047
779,O=C/C(=C(/Cl)c1ccccc1)c1ccccc1,801,346,346,Cl,Ph,Ph,H,12.948524404999995,26.048904536
780,O=C(/C(Cl)=C/c1ccccc1)c1ccccc1,80,776,776,Ph,H,Cl,Ph,9.697431361999998,20.16167139
781,CC(=O)/C(=C(/Cl)c1ccccc1)c1ccccc1,802,345,345,Cl,Ph,Ph,Me,11.096763052,30.061786221
782,NC(=O)/C(=C(/Cl)c1ccccc1)c1ccccc1,803,347,347,Cl,Ph,Ph,NH2,15.952381266000002,33.148473478
783,COC(=O)/C(=C(/Cl)c1ccccc1)c1ccccc1,804,351,351,Cl,Ph,Ph,OMe,15.430298770000002,30.517353399000005
784,CNC(=O)/C(=C(/Cl)c1ccccc1)c1ccccc1,805,348,348,Cl,Ph,Ph,NHMe,10.687003593,36.379486425
785,CN(C)C(=O)/C(=C(/Cl)c1ccccc1)c1ccccc1,806,350,350,Cl,Ph,Ph,NMe2,10.944279823,37.946361416
786,O=C(Nc1ccccc1)/C(=C(/Cl)c1ccccc1)c1ccccc1,807,349,349,Cl,Ph,Ph,NHPh,16.052781745999997,33.221891329
787,O=C(/C(=C(/Cl)c1ccccc1)c1ccccc1)c1ccccc1,808,352,352,Cl,Ph,Ph,Ph,10.990087542000008,33.228166359
788,O=C/C=C(/Cl)c1ccccc1,809,354,354,Cl,Ph,H,H,10.723398767,26.022549410000003
789,O=C(C(=C(c1ccccc1)c1ccccc1)c1ccccc1)c1ccccc1,8,752,752,Ph,Ph,Ph,Ph,22.61269810800001,36.153585345
790,CC(=O)/C=C(/Cl)c1ccccc1,810,353,353,Cl,Ph,H,Me,13.657602795,28.930398312
791,NC(=O)/C=C(/Cl)c1ccccc1,811,355,355,Cl,Ph,H,NH2,12.956681944,28.434043439
792,C/C(=C(\C=O)c1ccccc1)c1ccccc1,81,626,626,Ph,Me,Ph,H,15.548269334000002,24.246088417000003
793,COC(=O)/C=C(/Cl)c1ccccc1,812,359,359,Cl,Ph,H,OMe,11.623865572000009,29.798862464000003
794,CNC(=O)/C=C(/Cl)c1ccccc1,813,356,356,Cl,Ph,H,NHMe,13.806948509,34.04768527700001
795,CN(C)C(=O)/C=C(/Cl)c1ccccc1,814,358,358,Cl,Ph,H,NMe2,15.731500210000002,29.396005538
796,O=C(/C=C(/Cl)c1ccccc1)Nc1ccccc1,815,357,357,Cl,Ph,H,NHPh,12.283998728,31.950570251
797,O=C(/C=C(/Cl)c1ccccc1)c1ccccc1,816,360,360,Cl,Ph,H,Ph,14.513516887000003,23.930454408000003
798,C/C(C=O)=C(\Cl)c1ccccc1,817,322,322,Cl,Ph,Me,H,15.061327006,28.258970102
799,CC(=O)/C(C)=C(/Cl)c1ccccc1,818,321,321,Cl,Ph,Me,Me,19.218534381,33.048072998
800,C/C(C(N)=O)=C(\Cl)c1ccccc1,819,323,323,Cl,Ph,Me,NH2,17.967920902,37.70038024
801,COC(=O)/C(C)=C(/Cl)c1ccccc1,820,327,327,Cl,Ph,Me,OMe,16.732994998000006,33.459714966
802,CNC(=O)/C(C)=C(/Cl)c1ccccc1,821,324,324,Cl,Ph,Me,NHMe,18.222059617,40.201607198000005
803,CC(=O)/C(=C(\C)c1ccccc1)c1ccccc1,82,625,625,Ph,Me,Ph,Me,13.160620419,26.328770874000003
804,C/C(C(=O)N(C)C)=C(\Cl)c1ccccc1,822,326,326,Cl,Ph,Me,NMe2,19.637078882000004,41.08450391900001
805,C/C(C(=O)Nc1ccccc1)=C(\Cl)c1ccccc1,823,325,325,Cl,Ph,Me,NHPh,17.020391372,37.406081333
806,C/C(C(=O)c1ccccc1)=C(\Cl)c1ccccc1,824,328,328,Cl,Ph,Me,Ph,19.172726662,34.061490343
807,O=C/C(Br)=C(/Cl)c1ccccc1,825,338,338,Cl,Ph,Br,H,8.095416203000001,22.460842382000003
808,CC(=O)/C(Br)=C(/Cl)c1ccccc1,826,337,337,Cl,Ph,Br,Me,11.292543988,26.511374247000003
809,NC(=O)/C(Br)=C(/Cl)c1ccccc1,827,339,339,Cl,Ph,Br,NH2,11.382904420000004,29.834002632000004
810,COC(=O)/C(Br)=C(/Cl)c1ccccc1,828,343,343,Cl,Ph,Br,OMe,8.83712474899999,27.293870488000003
811,CNC(=O)/C(Br)=C(/Cl)c1ccccc1,829,340,340,Cl,Ph,Br,NHMe,10.454199980000002,31.666311392000004
812,CN(C)C(=O)/C(Br)=C(/Cl)c1ccccc1,830,342,342,Cl,Ph,Br,NMe2,11.619473051,34.867831698
813,O=C(Nc1ccccc1)/C(Br)=C(/Cl)c1ccccc1,831,341,341,Cl,Ph,Br,NHPh,9.46902027,30.387460278
814,C/C(=C(\C(N)=O)c1ccccc1)c1ccccc1,83,627,627,Ph,Me,Ph,NH2,11.645200674,30.915190301000003
815,O=C(/C(Br)=C(/Cl)c1ccccc1)c1ccccc1,832,344,344,Cl,Ph,Br,Ph,11.4205546,29.008208684
816,O=C/C(Cl)=C(/Cl)c1ccccc1,833,330,330,Cl,Ph,Cl,H,9.795949333,22.821029104
817,CC(=O)/C(Cl)=C(/Cl)c1ccccc1,834,329,329,Cl,Ph,Cl,Me,13.136775305,26.447368941
818,NC(=O)/C(Cl)=C(/Cl)c1ccccc1,835,331,331,Cl,Ph,Cl,NH2,9.588873343000005,29.734229655
819,COC(=O)/C(Cl)=C(/Cl)c1ccccc1,836,335,335,Cl,Ph,Cl,OMe,10.958084888999997,28.000438866000003
820,CNC(=O)/C(Cl)=C(/Cl)c1ccccc1,837,332,332,Cl,Ph,Cl,NHMe,10.113465851,31.218901753
821,CN(C)C(=O)/C(Cl)=C(/Cl)c1ccccc1,838,334,334,Cl,Ph,Cl,NMe2,13.774945856,35.636522873000004
822,O=C(Nc1ccccc1)/C(Cl)=C(/Cl)c1ccccc1,839,333,333,Cl,Ph,Cl,NHPh,9.864974663,28.31921039000001
823,O=C(/C(Cl)=C(/Cl)c1ccccc1)c1ccccc1,840,336,336,Cl,Ph,Cl,Ph,13.301808594,29.067821469000005
824,COC(=O)/C(=C(\C)c1ccccc1)c1ccccc1,84,631,631,Ph,Me,Ph,OMe,11.226656173,30.418207925
825,O=C/C(=C/Cl)c1ccccc1,841,386,386,Cl,H,Ph,H,6.746912256,18.658174202
826,CC(=O)/C(=C/Cl)c1ccccc1,842,385,385,Cl,H,Ph,Me,5.877820600999998,22.09438063
827,NC(=O)/C(=C/Cl)c1ccccc1,843,387,387,Cl,H,Ph,NH2,5.392760782000001,26.04764953
828,COC(=O)/C(=C/Cl)c1ccccc1,844,391,391,Cl,H,Ph,OMe,3.934443810000008,24.214713267
829,CNC(=O)/C(=C/Cl)c1ccccc1,845,388,388,Cl,H,Ph,NHMe,6.023401296999999,27.600719455000004
830,CN(C)C(=O)/C(=C/Cl)c1ccccc1,846,390,390,Cl,H,Ph,NMe2,7.625416456000003,28.472948625
831,O=C(Nc1ccccc1)/C(=C/Cl)c1ccccc1,847,389,389,Cl,H,Ph,NHPh,4.7690228,25.552549663
832,O=C(/C(=C/Cl)c1ccccc1)c1ccccc1,848,392,392,Cl,H,Ph,Ph,5.458021094000003,21.695288722
833,O=C/C=C/Cl,849,394,394,Cl,H,H,H,5.035084071999998,20.922205026
834,CC(=O)/C=C/Cl,850,393,393,Cl,H,H,Me,5.8012652350000025,23.588465273
835,CNC(=O)/C(=C(\C)c1ccccc1)c1ccccc1,85,628,628,Ph,Me,Ph,NHMe,12.400714286,32.524107993
836,NC(=O)/C=C/Cl,851,395,395,Cl,H,H,NH2,4.428916173999997,25.635380059000003
837,COC(=O)/C=C/Cl,852,399,399,Cl,H,H,OMe,2.631120078999984,22.720628624
838,CNC(=O)/C=C/Cl,853,396,396,Cl,H,H,NHMe,10.707083689000006,29.778154865
839,CN(C)C(=O)/C=C/Cl,854,398,398,Cl,H,H,NMe2,4.877580819000002,25.824885965
840,O=C(/C=C/Cl)Nc1ccccc1,855,397,397,Cl,H,H,NHPh,11.141315765,27.748810163000005
841,O=C(/C=C/Cl)c1ccccc1,856,400,400,Cl,H,H,Ph,3.622574819,20.321057152
842,C/C(C=O)=C\Cl,857,362,362,Cl,H,Me,H,9.223039093999995,22.526730197000003
843,CC(=O)/C(C)=C/Cl,858,361,361,Cl,H,Me,Me,10.15488104900001,26.880346011
844,C/C(=C\Cl)C(N)=O,859,363,363,Cl,H,Me,NH2,13.995826911999997,30.950957972
845,COC(=O)/C(C)=C/Cl,860,367,367,Cl,H,Me,OMe,7.30350741699999,26.325633359
846,C/C(=C(\C(=O)N(C)C)c1ccccc1)c1ccccc1,86,630,630,Ph,Me,Ph,NMe2,15.293503116,47.223993271000005
847,CNC(=O)/C(C)=C/Cl,861,364,364,Cl,H,Me,NHMe,15.636119754000006,34.158125805
848,C/C(=C\Cl)C(=O)N(C)C,862,366,366,Cl,H,Me,NMe2,11.724893554999996,35.631502849
849,C/C(=C\Cl)C(=O)Nc1ccccc1,863,365,365,Cl,H,Me,NHPh,15.800525540000002,30.256939654
850,C/C(=C\Cl)C(=O)c1ccccc1,864,368,368,Cl,H,Me,Ph,10.183118684,23.435354541
851,O=C/C(Br)=C/Cl,865,378,378,Cl,H,Br,H,0.3990919079999985,17.847440326
852,CC(=O)/C(Br)=C/Cl,866,377,377,Cl,H,Br,Me,1.9534168389999984,19.745636901
853,NC(=O)/C(Br)=C/Cl,867,379,379,Cl,H,Br,NH2,0.9287044400000056,21.720388842
854,COC(=O)/C(Br)=C/Cl,868,383,383,Cl,H,Br,OMe,-0.4743922680000042,21.149988615
855,CNC(=O)/C(Br)=C/Cl,869,380,380,Cl,H,Br,NHMe,1.1966482210000038,24.125607841000004
856,CN(C)C(=O)/C(Br)=C/Cl,870,382,382,Cl,H,Br,NMe2,2.943616573000001,26.308690778
857,C/C(=C(\C(=O)Nc1ccccc1)c1ccccc1)c1ccccc1,87,629,629,Ph,Me,Ph,NHPh,11.555467745,38.769017849
858,O=C(Nc1ccccc1)/C(Br)=C/Cl,871,381,381,Cl,H,Br,NHPh,0.3909343689999991,21.006290428
859,O=C(/C(Br)=C/Cl)c1ccccc1,872,384,384,Cl,H,Br,Ph,3.0013468490000004,19.034676002
860,O=C/C(Cl)=C/Cl,873,370,370,Cl,H,Cl,H,0.5057674180000008,18.521378548
861,CC(=O)/C(Cl)=C/Cl,874,369,369,Cl,H,Cl,Me,2.6838303309999936,20.298467044
862,NC(=O)/C(Cl)=C/Cl,875,371,371,Cl,H,Cl,NH2,2.362548794999994,22.553085323
863,COC(=O)/C(Cl)=C/Cl,876,375,375,Cl,H,Cl,OMe,0.8941917749999887,21.8371044
864,CNC(=O)/C(Cl)=C/Cl,877,372,372,Cl,H,Cl,NHMe,2.923536476999989,23.599760327
865,CN(C)C(=O)/C(Cl)=C/Cl,878,374,374,Cl,H,Cl,NMe2,3.8334158270000014,26.438583899
866,O=C(Nc1ccccc1)/C(Cl)=C/Cl,879,373,373,Cl,H,Cl,NHPh,1.8191311969999973,23.449787110000003
867,O=C(/C(Cl)=C/Cl)c1ccccc1,880,376,376,Cl,H,Cl,Ph,3.79639315,20.778506839
868,C/C(Cl)=C(\C=O)c1ccccc1,881,226,226,Cl,Me,Ph,H,7.284054824000001,23.080187843
869,C/C(=C(\C(=O)c1ccccc1)c1ccccc1)c1ccccc1,88,632,632,Ph,Me,Ph,Ph,13.704665519999995,32.032773144000004
870,CC(=O)/C(=C(\C)Cl)c1ccccc1,882,225,225,Cl,Me,Ph,Me,10.338739427999998,25.240053169000003
871,C/C(Cl)=C(\C(N)=O)c1ccccc1,883,227,227,Cl,Me,Ph,NH2,7.914067835999999,29.370905418000003
872,COC(=O)/C(=C(\C)Cl)c1ccccc1,884,231,231,Cl,Me,Ph,OMe,7.554508616999997,26.483136612
873,CNC(=O)/C(=C(\C)Cl)c1ccccc1,885,228,228,Cl,Me,Ph,NHMe,9.129541147,30.625911418000005
874,C/C(Cl)=C(\C(=O)N(C)C)c1ccccc1,886,230,230,Cl,Me,Ph,NMe2,8.386577595000002,41.179256872
875,C/C(Cl)=C(\C(=O)Nc1ccccc1)c1ccccc1,887,229,229,Cl,Me,Ph,NHPh,8.629421256,28.302267809
876,C/C(Cl)=C(\C(=O)c1ccccc1)c1ccccc1,888,232,232,Cl,Me,Ph,Ph,6.218554729999999,29.689676942
877,C/C(Cl)=C\C=O,889,234,234,Cl,Me,H,H,5.708394791000005,23.704553328
878,CC(=O)/C=C(\C)Cl,890,233,233,Cl,Me,H,Me,6.916965568999995,24.066622559
879,C/C(=C\C=O)c1ccccc1,89,634,634,Ph,Me,H,H,12.786001128000002,24.902456555
880,C/C(Cl)=C\C(N)=O,891,235,235,Cl,Me,H,NH2,6.712399591000008,28.972441013
881,COC(=O)/C=C(\C)Cl,892,239,239,Cl,Me,H,OMe,4.934683592000007,25.866301163000003
882,CNC(=O)/C=C(\C)Cl,893,236,236,Cl,Me,H,NHMe,13.806321005999996,34.28801892600001
883,C/C(Cl)=C\C(=O)N(C)C,894,238,238,Cl,Me,H,NMe2,7.26271972200001,29.169476955
884,C/C(Cl)=C\C(=O)Nc1ccccc1,895,237,237,Cl,Me,H,NHPh,14.175920273,31.850797274
885,C/C(Cl)=C\C(=O)c1ccccc1,896,240,240,Cl,Me,H,Ph,6.7738948850000025,22.954687243
886,C/C(Cl)=C(/C)C=O,897,202,202,Cl,Me,Me,H,9.243746692999997,24.230400842
887,CC(=O)/C(C)=C(\C)Cl,898,201,201,Cl,Me,Me,Me,14.650940044000006,27.986006297000003
888,C/C(Cl)=C(/C)C(N)=O,899,203,203,Cl,Me,Me,NH2,16.944463509000002,36.109032632
889,COC(=O)/C(C)=C(\C)Cl,900,207,207,Cl,Me,Me,OMe,9.276376848999996,29.139984314000003
890,CC(=O)/C=C(\C)c1ccccc1,90,633,633,Ph,Me,H,Me,11.668418285,24.46006694
891,CNC(=O)/C(C)=C(\C)Cl,901,204,204,Cl,Me,Me,NHMe,17.668601971,38.121434753
892,C/C(Cl)=C(/C)C(=O)N(C)C,902,206,206,Cl,Me,Me,NMe2,11.867336735999992,42.898615092
893,C/C(Cl)=C(/C)C(=O)Nc1ccccc1,903,205,205,Cl,Me,Me,NHPh,18.462393266000003,32.207218978
894,C/C(Cl)=C(/C)C(=O)c1ccccc1,904,208,208,Cl,Me,Me,Ph,10.807484169000002,30.947820457
895,C/C(Cl)=C(/Br)C=O,905,218,218,Cl,Me,Br,H,1.2129632990000028,18.968160684
896,CC(=O)/C(Br)=C(\C)Cl,906,217,217,Cl,Me,Br,Me,6.722439639000009,21.491350247000003
897,C/C(Cl)=C(/Br)C(N)=O,907,219,219,Cl,Me,Br,NH2,3.849103401999992,24.982776939
898,COC(=O)/C(Br)=C(\C)Cl,908,223,223,Cl,Me,Br,OMe,2.953029117999993,22.63403321
899,CNC(=O)/C(Br)=C(\C)Cl,909,220,220,Cl,Me,Br,NHMe,4.136499776000001,26.880346011
900,C/C(Cl)=C(/Br)C(=O)N(C)C,910,222,222,Cl,Me,Br,NMe2,3.010131891000006,31.591638535
901,C/C(=C\C(N)=O)c1ccccc1,91,635,635,Ph,Me,H,NH2,11.806468944999995,30.002173436000003
902,C/C(Cl)=C(/Br)C(=O)Nc1ccccc1,911,221,221,Cl,Me,Br,NHPh,4.541866714000001,25.158477779
903,C/C(Cl)=C(/Br)C(=O)c1ccccc1,912,224,224,Cl,Me,Br,Ph,1.7570084000000004,25.990546757
904,C/C(Cl)=C(/Cl)C=O,913,210,210,Cl,Me,Cl,H,3.111159874000003,20.239481762
905,CC(=O)/C(Cl)=C(\C)Cl,914,209,209,Cl,Me,Cl,Me,7.167339266000011,23.36193669
906,C/C(Cl)=C(/Cl)C(N)=O,915,211,211,Cl,Me,Cl,NH2,4.594576965999988,25.260760768
907,COC(=O)/C(Cl)=C(\C)Cl,916,215,215,Cl,Me,Cl,OMe,4.057434398,24.568624959
908,CNC(=O)/C(Cl)=C(\C)Cl,917,212,212,Cl,Me,Cl,NHMe,5.449863554999999,26.546514415000004
909,C/C(Cl)=C(/Cl)C(=O)N(C)C,918,214,214,Cl,Me,Cl,NMe2,4.5104915640000005,31.968767838
910,C/C(Cl)=C(/Cl)C(=O)Nc1ccccc1,919,213,213,Cl,Me,Cl,NHPh,4.744550182999999,24.494579605
911,O=CC=C(c1ccccc1)c1ccccc1,9,754,754,Ph,Ph,H,H,18.294849965,29.628809151
912,C/C(Cl)=C(/Cl)C(=O)c1ccccc1,920,216,216,Cl,Me,Cl,Ph,8.099808724000003,23.686983244
913,O=C/C(=C(/Cl)Br)c1ccccc1,921,306,306,Cl,Br,Ph,H,-0.7417085460000006,22.332204267
914,COC(=O)/C=C(\C)c1ccccc1,92,639,639,Ph,Me,H,OMe,12.453424538000002,27.834778074000003
915,CC(=O)/C(=C(/Cl)Br)c1ccccc1,922,305,305,Cl,Br,Ph,Me,0.1826033729999997,29.489503485000004
916,NC(=O)/C(=C(/Cl)Br)c1ccccc1,923,307,307,Cl,Br,Ph,NH2,-0.761788642,31.835737202000004
917,COC(=O)/C(=C(/Cl)Br)c1ccccc1,924,311,311,Cl,Br,Ph,OMe,-1.4846720979999957,25.534979579
918,CNC(=O)/C(=C(/Cl)Br)c1ccccc1,925,308,308,Cl,Br,Ph,NHMe,-0.3401066260000005,33.444027391
919,CN(C)C(=O)/C(=C(/Cl)Br)c1ccccc1,926,310,310,Cl,Br,Ph,NMe2,1.4539244509999998,35.700528179
920,O=C(Nc1ccccc1)/C(=C(/Cl)Br)c1ccccc1,927,309,309,Cl,Br,Ph,NHPh,-1.2562610060000003,25.559452196
921,O=C(/C(=C(/Cl)Br)c1ccccc1)c1ccccc1,928,312,312,Cl,Br,Ph,Ph,2.1033900559999963,24.618825199
922,O=C/C=C(/Cl)Br,929,314,314,Cl,Br,H,H,-0.5076499269999983,21.742351447
923,CC(=O)/C=C(/Cl)Br,930,313,313,Cl,Br,H,Me,2.034364726000001,24.687223026
924,CNC(=O)/C=C(\C)c1ccccc1,93,636,636,Ph,Me,H,NHMe,12.529979904,31.377032509000003
925,NC(=O)/C=C(/Cl)Br,931,315,315,Cl,Br,H,NH2,0.019452593000002,24.124352835000003
926,COC(=O)/C=C(/Cl)Br,932,319,319,Cl,Br,H,OMe,-1.3905466479999975,23.425941996
927,CNC(=O)/C=C(/Cl)Br,933,316,316,Cl,Br,H,NHMe,3.4719740990000023,28.804270209
928,CN(C)C(=O)/C=C(/Cl)Br,934,318,318,Cl,Br,H,NMe2,0.903604319999998,25.688090311000003
929,O=C(/C=C(/Cl)Br)Nc1ccccc1,935,317,317,Cl,Br,H,NHPh,3.706660221000001,27.174644918
930,O=C(/C=C(/Cl)Br)c1ccccc1,936,320,320,Cl,Br,H,Ph,-0.0351401680000003,20.370002386
931,C/C(C=O)=C(\Cl)Br,937,282,282,Cl,Br,Me,H,4.238782764999998,24.270561034
932,CC(=O)/C(C)=C(/Cl)Br,938,281,281,Cl,Br,Me,Me,6.448848331000006,31.833854693000003
933,C/C(C(N)=O)=C(\Cl)Br,939,283,283,Cl,Br,Me,NH2,10.339366930999995,34.390929418000006
934,COC(=O)/C(C)=C(/Cl)Br,940,287,287,Cl,Br,Me,OMe,3.059077124999994,27.930786033000004
935,CNC(=O)/C(C)=C(/Cl)Br,941,284,284,Cl,Br,Me,NHMe,10.66253097600001,38.139004837
936,C/C(=C\C(=O)N(C)C)c1ccccc1,94,638,638,Ph,Me,H,NMe2,14.614544870000003,30.306512391
937,C/C(C(=O)N(C)C)=C(\Cl)Br,942,286,286,Cl,Br,Me,NMe2,6.243027347000009,34.933719513
938,C/C(C(=O)Nc1ccccc1)=C(\Cl)Br,943,285,285,Cl,Br,Me,NHPh,10.931729762999998,34.422304568
939,C/C(C(=O)c1ccccc1)=C(\Cl)Br,944,288,288,Cl,Br,Me,Ph,5.339423027,32.313894488
940,O=C/C(Br)=C(/Cl)Br,945,298,298,Cl,Br,Br,H,-3.006366873,18.651899172
941,CC(=O)/C(Br)=C(/Cl)Br,946,297,297,Cl,Br,Br,Me,-3.230385444,26.67515253
942,NC(=O)/C(Br)=C(/Cl)Br,947,299,299,Cl,Br,Br,NH2,-4.420758635000002,24.548544863000004
943,COC(=O)/C(Br)=C(/Cl)Br,948,303,303,Cl,Br,Br,OMe,-5.714669821000003,23.660000615000005
944,CNC(=O)/C(Br)=C(/Cl)Br,949,300,300,Cl,Br,Br,NHMe,-3.1814402100000034,31.291692101
945,CN(C)C(=O)/C(Br)=C(/Cl)Br,950,302,302,Cl,Br,Br,NMe2,-0.3156340090000021,29.633829175
946,C/C(=C\C(=O)Nc1ccccc1)c1ccccc1,95,637,637,Ph,Me,H,NHPh,21.952564952000003,33.797939083
947,O=C(Nc1ccccc1)/C(Br)=C(/Cl)Br,951,301,301,Cl,Br,Br,NHPh,-5.269142691000001,30.137714084
948,O=C(/C(Br)=C(/Cl)Br)c1ccccc1,952,304,304,Cl,Br,Br,Ph,-2.8250185060000006,27.513496538000005
949,O=C/C(Cl)=C(/Cl)Br,953,290,290,Cl,Br,Cl,H,-1.2230033469999997,19.445062964
950,CC(=O)/C(Cl)=C(/Cl)Br,954,289,289,Cl,Br,Cl,Me,-0.855286589000002,26.026314428000003
951,NC(=O)/C(Cl)=C(/Cl)Br,955,291,291,Cl,Br,Cl,NH2,-2.6079024680000047,25.906461355000005
952,COC(=O)/C(Cl)=C(/Cl)Br,956,295,295,Cl,Br,Cl,OMe,-2.668142756000004,23.833191443
953,CNC(=O)/C(Cl)=C(/Cl)Br,957,292,292,Cl,Br,Cl,NHMe,-0.9632171049999968,25.915873900000005
954,CN(C)C(=O)/C(Cl)=C(/Cl)Br,958,294,294,Cl,Br,Cl,NMe2,0.0677703239999981,29.909930495
955,O=C(Nc1ccccc1)/C(Cl)=C(/Cl)Br,959,293,293,Cl,Br,Cl,NHPh,-2.968089189999999,26.155580046
956,O=C(/C(Cl)=C(/Cl)Br)c1ccccc1,960,296,296,Cl,Br,Cl,Ph,-1.1715481010000004,27.508476514
957,C/C(=C\C(=O)c1ccccc1)c1ccccc1,96,640,640,Ph,Me,H,Ph,11.104293088,23.313618959
958,O=CC(=C(Cl)Cl)c1ccccc1,961,266,266,Cl,Cl,Ph,H,5.3996633150000015,22.504767592
959,CC(=O)C(=C(Cl)Cl)c1ccccc1,962,265,265,Cl,Cl,Ph,Me,6.215417214999997,28.870785527
960,NC(=O)C(=C(Cl)Cl)c1ccccc1,963,267,267,Cl,Cl,Ph,NH2,5.831385378999998,32.578073251
961,COC(=O)C(=C(Cl)Cl)c1ccccc1,964,271,271,Cl,Cl,Ph,OMe,4.619049582999995,25.423284045000003
962,CNC(=O)C(=C(Cl)Cl)c1ccccc1,965,268,268,Cl,Cl,Ph,NHMe,6.116899244,33.322291809
963,CN(C)C(=O)C(=C(Cl)Cl)c1ccccc1,966,270,270,Cl,Cl,Ph,NMe2,7.437793059000002,35.580675106
964,O=C(Nc1ccccc1)C(=C(Cl)Cl)c1ccccc1,967,269,269,Cl,Cl,Ph,NHPh,4.905190951,31.559635882
965,O=C(C(=C(Cl)Cl)c1ccccc1)c1ccccc1,968,272,272,Cl,Cl,Ph,Ph,6.719302124,29.796979955
966,O=CC=C(Cl)Cl,969,274,274,Cl,Cl,H,H,4.410718587000001,21.331964485
967,CC(=O)C=C(Cl)Cl,970,273,273,Cl,Cl,H,Me,5.666352090000006,25.171655342
968,C/C(C=O)=C(/C)c1ccccc1,97,602,602,Ph,Me,Me,H,18.978200732,29.169476955
969,NC(=O)C=C(Cl)Cl,971,275,275,Cl,Cl,H,NH2,4.451506281999993,26.951253850000004
970,COC(=O)C=C(Cl)Cl,972,279,279,Cl,Cl,H,OMe,3.3652985890000044,23.033125118000005
971,CNC(=O)C=C(Cl)Cl,973,276,276,Cl,Cl,H,NHMe,6.206632172999998,28.334270462000003
972,CN(C)C(=O)C=C(Cl)Cl,974,278,278,Cl,Cl,H,NMe2,6.802760022999994,36.432196677
973,O=C(C=C(Cl)Cl)Nc1ccccc1,975,277,277,Cl,Cl,H,NHPh,6.803387526000003,26.440466408
974,O=C(C=C(Cl)Cl)c1ccccc1,976,280,280,Cl,Cl,H,Ph,5.362013135000001,20.385689961000004
975,CC(C=O)=C(Cl)Cl,977,242,242,Cl,Cl,Me,H,9.413800005999995,25.832416001
976,CC(=O)C(C)=C(Cl)Cl,978,241,241,Cl,Cl,Me,Me,10.190648720000013,30.891345187
977,CC(C(N)=O)=C(Cl)Cl,979,243,243,Cl,Cl,Me,NH2,14.172155254999998,34.148085757000004
978,COC(=O)C(C)=C(Cl)Cl,980,247,247,Cl,Cl,Me,OMe,7.951718015999994,28.009851411000003
979,CNC(=O)C(C)=C(Cl)Cl,981,244,244,Cl,Cl,Me,NHMe,15.486146536999996,36.648057709
980,CC(=O)/C(C)=C(\C)c1ccccc1,98,601,601,Ph,Me,Me,Me,18.371405331,35.506629752
981,CC(C(=O)N(C)C)=C(Cl)Cl,982,246,246,Cl,Cl,Me,NMe2,11.733051094000004,34.744213607000006
982,CC(C(=O)Nc1ccccc1)=C(Cl)Cl,983,245,245,Cl,Cl,Me,NHPh,16.487013821999998,33.763426418
983,CC(C(=O)c1ccccc1)=C(Cl)Cl,984,248,248,Cl,Cl,Me,Ph,11.386041934999998,31.471157959000003
984,O=CC(Br)=C(Cl)Cl,985,258,258,Cl,Cl,Br,H,3.1707726590000016,18.497533434
985,CC(=O)C(Br)=C(Cl)Cl,986,257,257,Cl,Cl,Br,Me,2.3456062139999947,25.578277286
986,NC(=O)C(Br)=C(Cl)Cl,987,259,259,Cl,Cl,Br,NH2,1.8103461549999995,28.800505191000003
987,COC(=O)C(Br)=C(Cl)Cl,988,263,263,Cl,Cl,Br,OMe,1.2945386889999886,23.337464073000003
988,CNC(=O)C(Br)=C(Cl)Cl,989,260,260,Cl,Cl,Br,NHMe,1.908864126000002,30.66607161
989,CN(C)C(=O)C(Br)=C(Cl)Cl,990,262,262,Cl,Cl,Br,NMe2,3.237915479999999,29.379062957
990,C/C(C(N)=O)=C(/C)c1ccccc1,99,603,603,Ph,Me,Me,NH2,18.393367936,36.24269077100001
991,O=C(Nc1ccccc1)C(Br)=C(Cl)Cl,991,261,261,Cl,Cl,Br,NHPh,0.7680636719999997,29.156299392
992,O=C(C(Br)=C(Cl)Cl)c1ccccc1,992,264,264,Cl,Cl,Br,Ph,3.094844796,26.480626600000004
993,O=CC(Cl)=C(Cl)Cl,993,250,250,Cl,Cl,Cl,H,4.574496869999999,18.995770816
994,CC(=O)C(Cl)=C(Cl)Cl,994,249,249,Cl,Cl,Cl,Me,4.197995070000001,25.120827599
995,NC(=O)C(Cl)=C(Cl)Cl,995,251,251,Cl,Cl,Cl,NH2,3.3031757919999944,25.531214561
996,COC(=O)C(Cl)=C(Cl)Cl,996,255,255,Cl,Cl,Cl,OMe,1.950279324,23.360681684
997,CNC(=O)C(Cl)=C(Cl)Cl,997,252,252,Cl,Cl,Cl,NHMe,3.655832478000008,27.198490032
998,CN(C)C(=O)C(Cl)=C(Cl)Cl,998,254,254,Cl,Cl,Cl,NMe2,4.851225693000002,29.66206681
999,O=C(Nc1ccccc1)C(Cl)=C(Cl)Cl,999,253,253,Cl,Cl,Cl,NHPh,2.547662180000001,25.932816481000003
